1	A2M
2	AAK1
3	AANAT
4	ABCA1
5	ABCA2
6	ABCA3
7	ABCB1
8	ABCB4
9	ABCC1
10	ABCC3
11	ABCC4
12	ABCC6
13	ABCG1
14	ABCG2
15	ABCG5
16	ABCG8
17	ABI1
18	ABL1
19	ABL2
20	ABRAXAS1
21	ACACA
22	ACD
23	ACE
24	ACHE
25	ACIN1
26	ACKR1
27	ACKR3
28	ACLY
29	ACO1
30	ACOT7
31	ACP1
32	ACP5
33	ACPP
34	ACSL1
35	ACTA1
36	ACTA2
37	ACTB
38	ACTC1
39	ACTL6A
40	ACTN1
41	ACTN3
42	ACTN4
43	ACTR2
44	ACTR3
45	ACTR5
46	ACVR1
47	ACVR1B
48	ACVR1C
49	ACVR2A
50	ACVR2B
51	ACVRL1
52	ADA
53	ADAM10
54	ADAM15
55	ADAM17
56	ADAM9
57	ADCY1
58	ADCY2
59	ADCY5
60	ADCY7
61	ADD1
62	ADD2
63	ADGRB1
64	ADH1A
65	ADH1B
66	ADH4
67	ADIPOQ
68	ADIPOR1
69	ADIPOR2
70	ADM
71	ADORA1
72	ADRA1A
73	ADRA2B
74	ADRB2
75	AFDN
76	AFP
77	AGAP2
78	AGER
79	AGFG2
80	AGGF1
81	AGO2
82	AGRP
83	AGT
84	AGTR1
85	AGTR2
86	AHCYL1
87	AHR
88	AHSA1
89	AIFM1
90	AIFM2
91	AIM2
92	AIMP1
93	AIMP2
94	AJUBA
95	AKAP8
96	AKR1C3
97	AKR1C4
98	AKT1
99	AKT1S1
100	AKT2
101	AKT3
102	ALAS2
103	ALB
104	ALDH1A2
105	ALDH1A3
106	ALDH9A1
107	ALDOA
108	ALDOB
109	ALK
110	ALOX12
111	ALOX15
112	ALOX5
113	ALPL
114	ALYREF
115	AMBRA1
116	AMER1
117	AMH
118	AMHR2
119	AMOTL1
120	AMPH
121	ANAPC1
122	ANAPC11
123	ANGPT1
124	ANGPT2
125	ANGPT4
126	ANGPTL1
127	ANGPTL4
128	ANK1
129	ANKRD1
130	ANKRD46
131	ANLN
132	ANO7
133	ANO9
134	ANP32A
135	ANP32B
136	ANPEP
137	ANXA1
138	ANXA2
139	ANXA5
140	AP1B1
141	AP2B1
142	AP2M1
143	APAF1
144	APC
145	APC2
146	APCS
147	APEX1
148	APH1A
149	APH1B
150	APIP
151	APLF
152	APLP2
153	APOA1
154	APOA2
155	APOA4
156	APOA5
157	APOB
158	APOBR
159	APOC3
160	APOE
161	APOH
162	APP
163	APPL1
164	APTX
165	AQP1
166	AR
167	ARAF
168	AREG
169	ARFGAP1
170	ARHGAP1
171	ARHGAP24
172	ARHGAP32
173	ARHGAP33
174	ARHGAP35
175	ARHGAP5
176	ARHGDIA
177	ARHGDIB
178	ARHGEF1
179	ARHGEF12
180	ARHGEF2
181	ARHGEF4
182	ARHGEF7
183	ARID3A
184	ARID4A
185	ARL2
186	ARNT
187	ARNTL
188	ARNTL2
189	ARPC1B
190	ARRB1
191	ARRB2
192	ARRDC4
193	ARVCF
194	ASAH2B
195	ASCL1
196	ASF1A
197	ASF1B
198	ASH1L
199	ASH2L
200	ASNS
201	ASS1
202	ATAD2
203	ATF1
204	ATF2
205	ATF3
206	ATF4
207	ATF6
208	ATG10
209	ATG101
210	ATG13
211	ATG16L1
212	ATG3
213	ATG4B
214	ATG4C
215	ATG4D
216	ATG5
217	ATG7
218	ATM
219	ATMIN
220	ATN1
221	ATOH1
222	ATP13A1
223	ATP1B1
224	ATP2A2
225	ATP2B1
226	ATP5A1
227	ATR
228	ATRIP
229	ATXN1
230	ATXN10
231	ATXN2
232	AURKA
233	AURKB
234	AURKC
235	AVEN
236	AXIN1
237	AXIN2
238	AXL
239	AZI2
240	B2M
241	B4GALNT1
242	B4GALT1
243	BABAM1
244	BACH1
245	BAD
246	BAG1
247	BAG2
248	BAG3
249	BAG4
250	BAIAP2
251	BAK1
252	BAMBI
253	BANF1
254	BARD1
255	BAX
256	BAZ1B
257	BBC3
258	BCAP31
259	BCAR1
260	BCAS3
261	BCL10
262	BCL2
263	BCL2A1
264	BCL2L1
265	BCL2L11
266	BCL2L12
267	BCL2L14
268	BCL2L2
269	BCL3
270	BCL6
271	BCL9
272	BCOR
273	BCR
274	BDKRB1
275	BDKRB2
276	BDNF
277	BECN1
278	BEST1
279	BFAR
280	BGLAP
281	BHLHE40
282	BHLHE41
283	BICD2
284	BID
285	BIK
286	BIN1
287	BIRC2
288	BIRC3
289	BIRC5
290	BIRC6
291	BIRC7
292	BIRC8
293	BLK
294	BLM
295	BLMH
296	BLNK
297	BLVRA
298	BMF
299	BMI1
300	BMP10
301	BMP15
302	BMP2
303	BMP4
304	BMP7
305	BMPR1A
306	BMPR1B
307	BMPR2
308	BMX
309	BNIP3
310	BNIP3L
311	BOC
312	BORA
313	BRAF
314	BRCA1
315	BRCA2
316	BRD4
317	BRD7
318	BRD8
319	BRIP1
320	BRSK1
321	BRSK2
322	BSG
323	BSPRY
324	BTC
325	BTG2
326	BTK
327	BTRC
328	BUB1
329	BUB1B
330	C1orf116
331	C1QTNF5
332	C1R
333	C4BPB
334	C5AR1
335	CA3
336	CA9
337	CABIN1
338	CABP1
339	CACNA1B
340	CACNA1C
341	CAD
342	CALB1
343	CALD1
344	CALR
345	CAMK2A
346	CAMK2B
347	CAMK2G
348	CAMK4
349	CAMKK2
350	CAND1
351	CAPN1
352	CAPN2
353	CAPN3
354	CAPNS1
355	CAPZA1
356	CAPZB
357	CARD11
358	CARD17
359	CARD18
360	CARD8
361	CARD9
362	CARM1
363	CARTPT
364	CASP1
365	CASP10
366	CASP12
367	CASP2
368	CASP3
369	CASP5
370	CASP6
371	CASP7
372	CASP8
373	CASP8AP2
374	CASP9
375	CASR
376	CAST
377	CAT
378	CAV1
379	CAV2
380	CBFA2T3
381	CBL
382	CBLB
383	CBLC
384	CBX1
385	CBX3
386	CBX4
387	CBX5
388	CBY1
389	CCDC43
390	CCDC6
391	CCDC65
392	CCKAR
393	CCL11
394	CCL16
395	CCL17
396	CCL19
397	CCL2
398	CCL20
399	CCL21
400	CCL3
401	CCL5
402	CCM2
403	CCN5
404	CCNA1
405	CCNA2
406	CCNB1
407	CCNB2
408	CCNC
409	CCND1
410	CCND2
411	CCND3
412	CCNE1
413	CCNG1
414	CCNG2
415	CCNH
416	CCNK
417	CCNT1
418	CCR1
419	CCR2
420	CCR4
421	CCR5
422	CCR7
423	CCRL2
424	CCT5
425	CD14
426	CD151
427	CD19
428	CD1D
429	CD2
430	CD24
431	CD247
432	CD28
433	CD2AP
434	CD33
435	CD34
436	CD36
437	CD3D
438	CD4
439	CD40
440	CD40LG
441	CD44
442	CD47
443	CD5
444	CD58
445	CD68
446	CD74
447	CD79A
448	CD79B
449	CD80
450	CD82
451	CD83
452	CD86
453	CD8A
454	CD97
455	CD99
456	CDAN1
457	CDC14A
458	CDC14B
459	CDC16
460	CDC20
461	CDC23
462	CDC25A
463	CDC25B
464	CDC25C
465	CDC27
466	CDC34
467	CDC42
468	CDC42BPA
469	CDC45
470	CDC6
471	CDC7
472	CDC73
473	CDCA3
474	CDCA4
475	CDCA7
476	CDCA8
477	CDH1
478	CDH17
479	CDH2
480	CDH3
481	CDH4
482	CDH5
483	CDK1
484	CDK11A
485	CDK11B
486	CDK12
487	CDK2
488	CDK20
489	CDK3
490	CDK4
491	CDK5
492	CDK5R1
493	CDK5RAP2
494	CDK5RAP3
495	CDK6
496	CDK7
497	CDK8
498	CDK9
499	CDKN1A
500	CDKN1B
501	CDKN1C
502	CDKN2A
503	CDKN2AIP
504	CDKN2B
505	CDKN2C
506	CDKN2D
507	CDKN3
508	CDO1
509	CDT1
510	CDX1
511	CDX2
512	CEACAM1
513	CEACAM5
514	CEBPA
515	CEBPB
516	CEBPD
517	CEBPE
518	CEBPG
519	CENPA
520	CENPJ
521	CENPU
522	CEP135
523	CEP164
524	CEP250
525	CEP55
526	CERK
527	CERS2
528	CETN1
529	CETN2
530	CETP
531	CFB
532	CFH
533	CFL1
534	CFL2
535	CFLAR
536	CFTR
537	CGA
538	CHAC1
539	CHAT
540	CHD1L
541	CHD8
542	CHEK1
543	CHEK2
544	CHFR
545	CHGA
546	CHI3L1
547	CHMP4C
548	CHN2
549	CHP1
550	CHRM1
551	CHRM2
552	CHRM4
553	CHRNA6
554	CHRNA7
555	CHRNE
556	CHUK
557	CHURC1-FNTB
558	CIAO1
559	CIB1
560	CIC
561	CIDEB
562	CIITA
563	CISD2
564	CISH
565	CIT
566	CITED2
567	CKAP2
568	CKM
569	CKS1B
570	CKS2
571	CLCN7
572	CLDN2
573	CLEC4G
574	CLIC2
575	CLIP1
576	CLK1
577	CLK2
578	CLK4
579	CLOCK
580	CLSPN
581	CLTA
582	CLTC
583	CLU
584	CNKSR1
585	CNKSR2
586	CNOT8
587	CNR1
588	CNTN1
589	CNTN6
590	CNTNAP2
591	CNTROB
592	COIL
593	COL11A2
594	COL18A1
595	COL1A1
596	COL1A2
597	COL27A1
598	COL2A1
599	COL3A1
600	COL5A2
601	COL6A1
602	COL6A3
603	COL7A1
604	COMMD2
605	COP1
606	COPS5
607	COPS6
608	COQ5
609	COQ9
610	CORO1A
611	CORO1B
612	CORO1C
613	CORT
614	COX5B
615	CP
616	CPEB1
617	CPSF2
618	CPSF3
619	CPT1A
620	CPT1B
621	CR2
622	CRABP2
623	CRADD
624	CREB1
625	CREBBP
626	CREM
627	CRH
628	CRHBP
629	CRHR1
630	CRHR2
631	CRIPAK
632	CRK
633	CRLF2
634	CRMP1
635	CROCC
636	CRP
637	CRTC1
638	CRTC2
639	CRX
640	CRY1
641	CRY2
642	CRYAA
643	CRYAB
644	CRYZ
645	CSDE1
646	CSF1
647	CSF1R
648	CSF2
649	CSF2RA
650	CSF2RB
651	CSF3
652	CSF3R
653	CSK
654	CSN2
655	CSNK1A1
656	CSNK1A1L
657	CSNK1D
658	CSNK1G1
659	CSNK2A1
660	CSNK2A2
661	CSNK2B
662	CSRP1
663	CTBP1
664	CTCF
665	CTDNEP1
666	CTDP1
667	CTDSP1
668	CTDSP2
669	CTDSPL
670	CTF1
671	CTGF
672	CTLA4
673	CTNNA1
674	CTNNB1
675	CTNNBIP1
676	CTNND1
677	CTNND2
678	CTPS1
679	CTSB
680	CTSD
681	CTSE
682	CTSG
683	CTSH
684	CTSK
685	CTSL
686	CTSS
687	CTTN
688	CUL1
689	CUL2
690	CUL3
691	CUL4A
692	CUX1
693	CX3CL1
694	CXCL1
695	CXCL10
696	CXCL12
697	CXCL5
698	CXCL8
699	CXCR1
700	CXCR2
701	CXCR3
702	CXCR4
703	CXCR5
704	CYBB
705	CYCS
706	CYLD
707	CYP11A1
708	CYP11B1
709	CYP11B2
710	CYP17A1
711	CYP19A1
712	CYP1A1
713	CYP1B1
714	CYP24A1
715	CYP27A1
716	CYP2B6
717	CYP2C19
718	CYP2C8
719	CYP2C9
720	CYP2D6
721	CYP3A4
722	CYP3A5
723	CYP7A1
724	CYP8B1
725	CYR61
726	CYTH2
727	DAAM1
728	DAB1
729	DAB2
730	DAB2IP
731	DACH1
732	DACT2
733	DAG1
734	DAP
735	DAP3
736	DAPK1
737	DAPK2
738	DAPK3
739	DAPP1
740	DAXX
741	DBF4
742	DBI
743	DBP
744	DCC
745	DCLRE1A
746	DCLRE1B
747	DCLRE1C
748	DCT
749	DCTN1
750	DCX
751	DDB1
752	DDB2
753	DDC
754	DDIT3
755	DDIT4
756	DDR1
757	DDR2
758	DDT
759	DDX17
760	DDX18
761	DDX3X
762	DDX5
763	DDX50
764	DDX58
765	DEDD
766	DEF6
767	DEFA5
768	DEFB104B
769	DEK
770	DENND4A
771	DEPDC5
772	DEPTOR
773	DES
774	DFFA
775	DFFB
776	DGKA
777	DGUOK
778	DHFR
779	DHH
780	DHX15
781	DHX58
782	DIABLO
783	DIAPH1
784	DIAPH2
785	DIP2B
786	DIRAS3
787	DISP1
788	DISP2
789	DKK1
790	DLC1
791	DLEU1
792	DLG1
793	DLG4
794	DLGAP1
795	DLGAP5
796	DLK1
797	DLK2
798	DLL1
799	DLL3
800	DLL4
801	DLX3
802	DLX5
803	DMKN
804	DNAJA3
805	DNAJB1
806	DNAJB4
807	DNAJC3
808	DNASE2
809	DNER
810	DNM1
811	DNM1L
812	DNMT1
813	DNMT3A
814	DNMT3B
815	DOCK1
816	DOCK7
817	DOK1
818	DOK4
819	DOK5
820	DOK6
821	DOK7
822	DOT1L
823	DPY30
824	DPYSL2
825	DPYSL3
826	DRAM1
827	DRD3
828	DSN1
829	DSP
830	DST
831	DTL
832	DTX1
833	DTX4
834	DUSP1
835	DUSP10
836	DUSP14
837	DUSP16
838	DUSP18
839	DUSP19
840	DUSP22
841	DUSP26
842	DUSP3
843	DUSP4
844	DUSP5
845	DUSP6
846	DUSP8
847	DUSP9
848	DVL1
849	DVL2
850	DVL3
851	DYNLL1
852	DYNLL2
853	DYRK1A
854	DYRK1B
855	DYRK2
856	DZIP3
857	E2F1
858	E2F2
859	E2F3
860	E2F4
861	E2F6
862	E2F7
863	E2F8
864	E4F1
865	EAPP
866	EARS2
867	EBAG9
868	EBI3
869	EBP
870	ECE1
871	ECM1
872	ECSIT
873	ECT2
874	EDEM2
875	EDF1
876	EDN1
877	EDN2
878	EDN3
879	EDNRA
880	EDNRB
881	EED
882	EEF1A1
883	EEF1A2
884	EEF1D
885	EEF1E1
886	EEF2K
887	EFCAB2
888	EFEMP1
889	EFNA1
890	EFNA2
891	EFNA3
892	EFNA4
893	EFNA5
894	EGF
895	EGFR
896	EGLN1
897	EGLN2
898	EGR1
899	EGR2
900	EGR3
901	EHF
902	EHMT1
903	EHMT2
904	EIF2A
905	EIF2AK2
906	EIF2AK3
907	EIF2AK4
908	EIF2B1
909	EIF2B2
910	EIF2B3
911	EIF2B4
912	EIF2B5
913	EIF2S1
914	EIF2S2
915	EIF2S3
916	EIF3C
917	EIF3F
918	EIF3I
919	EIF3J
920	EIF4A1
921	EIF4A2
922	EIF4B
923	EIF4E
924	EIF4EBP1
925	EIF4EBP2
926	EIF4EBP3
927	EIF4ENIF1
928	EIF4G1
929	EIF4G2
930	EIF4G3
931	EIF5
932	ELANE
933	ELAVL1
934	ELF1
935	ELF2
936	ELF3
937	ELF4
938	ELK1
939	ELK3
940	ELK4
941	ELP1
942	ELP3
943	EMD
944	EMX2
945	EN1
946	ENC1
947	ENDOG
948	ENG
949	ENO1
950	ENOX2
951	EP300
952	EP400
953	EPAS1
954	EPB41
955	EPGN
956	EPHA1
957	EPHA2
958	EPHA3
959	EPHA4
960	EPHA5
961	EPHA6
962	EPHA7
963	EPHA8
964	EPHB1
965	EPHB2
966	EPN1
967	EPO
968	EPOR
969	EPRS
970	EPS15
971	ERBB2
972	ERBB3
973	ERBB4
974	ERBIN
975	ERCC1
976	ERCC4
977	ERCC6
978	ERCC6L
979	ERCC8
980	EREG
981	ERF
982	ERG
983	ERN1
984	ESCO1
985	ESPL1
986	ESR1
987	ESR2
988	ESRP2
989	ESRRA
990	ETF1
991	ETS1
992	ETS2
993	ETV1
994	ETV3
995	ETV4
996	ETV5
997	ETV6
998	ETV7
999	EVI5
1000	EWSR1
1001	EXO1
1002	EXOC2
1003	EXOC7
1004	EXOSC8
1005	EXOSC9
1006	EXTL1
1007	EYA1
1008	EYA3
1009	EZH2
1010	EZR
1011	F10
1012	F11R
1013	F12
1014	F2
1015	F2R
1016	F2RL1
1017	F2RL2
1018	F2RL3
1019	F3
1020	F8
1021	F9
1022	FABP2
1023	FABP3
1024	FABP4
1025	FABP6
1026	FADD
1027	FADS2
1028	FAF1
1029	FAM102A
1030	FAM107A
1031	FAN1
1032	FANCA
1033	FANCC
1034	FANCD2
1035	FANCE
1036	FANCG
1037	FANCI
1038	FANCL
1039	FANCM
1040	FAS
1041	FASLG
1042	FASN
1043	FBN1
1044	FBP1
1045	FBXO11
1046	FBXO31
1047	FBXO4
1048	FBXO43
1049	FBXO5
1050	FBXO7
1051	FBXW11
1052	FBXW7
1053	FBXW8
1054	FCER1A
1055	FCER2
1056	FCGR1A
1057	FCGR2A
1058	FCGR2B
1059	FCGR2C
1060	FCGR3A
1061	FCGRT
1062	FDFT1
1063	FDPS
1064	FDXR
1065	FEN1
1066	FER
1067	FES
1068	FGA
1069	FGF1
1070	FGF10
1071	FGF11
1072	FGF12
1073	FGF13
1074	FGF14
1075	FGF16
1076	FGF17
1077	FGF18
1078	FGF19
1079	FGF2
1080	FGF21
1081	FGF22
1082	FGF3
1083	FGF4
1084	FGF5
1085	FGF6
1086	FGF7
1087	FGF8
1088	FGF9
1089	FGFBP1
1090	FGFR1
1091	FGFR1OP
1092	FGFR2
1093	FGFR3
1094	FGFR4
1095	FGL1
1096	FGR
1097	FHIT
1098	FHL2
1099	FHL5
1100	FHOD1
1101	FHOD3
1102	FIGF
1103	FKBP1A
1104	FKBP4
1105	FKBP5
1106	FKBP8
1107	FLI1
1108	FLII
1109	FLNA
1110	FLT1
1111	FLT3
1112	FLT3LG
1113	FLT4
1114	FMR1
1115	FN1
1116	FNTA
1117	FOS
1118	FOSB
1119	FOSL1
1120	FOSL2
1121	FOXA1
1122	FOXA2
1123	FOXC1
1124	FOXD1
1125	FOXD3
1126	FOXE1
1127	FOXG1
1128	FOXH1
1129	FOXI1
1130	FOXI2
1131	FOXK2
1132	FOXL2
1133	FOXM1
1134	FOXO1
1135	FOXO3
1136	FOXO4
1137	FOXP1
1138	FOXP2
1139	FOXP3
1140	FPR1
1141	FRAT1
1142	FRAT2
1143	FRS2
1144	FRS3
1145	FRZB
1146	FSCN1
1147	FSHB
1148	FST
1149	FUBP1
1150	FUNDC1
1151	FURIN
1152	FUS
1153	FXR2
1154	FYB1
1155	FYN
1156	FZD1
1157	FZD2
1158	FZD3
1159	FZD5
1160	FZD6
1161	FZD7
1162	FZD8
1163	FZD9
1164	G6PC
1165	G6PD
1166	GAB1
1167	GAB2
1168	GABARAPL1
1169	GABBR1
1170	GABPA
1171	GABPB1
1172	GABPB2
1173	GABRA1
1174	GADD45A
1175	GADD45GIP1
1176	GALNT6
1177	GALT
1178	GAP43
1179	GAPDH
1180	GAS1
1181	GAS2
1182	GAS6
1183	GAS7
1184	GAST
1185	GATA1
1186	GATA2
1187	GATA3
1188	GATA4
1189	GATA5
1190	GATA6
1191	GBX2
1192	GCGR
1193	GCK
1194	GCLC
1195	GCLM
1196	GDF11
1197	GDF15
1198	GDF6
1199	GDI1
1200	GDNF
1201	GFAP
1202	GFER
1203	GFI1
1204	GFI1B
1205	GFPT1
1206	GFRA1
1207	GH1
1208	GHR
1209	GHRL
1210	GHSR
1211	GIT1
1212	GJA1
1213	GJB1
1214	GK
1215	GLCE
1216	GLI1
1217	GLI2
1218	GLI3
1219	GLIS2
1220	GLIS3
1221	GLMN
1222	GLRA1
1223	GLRB
1224	GLRX
1225	GLS2
1226	GMCL1
1227	GML
1228	GMNN
1229	GMPS
1230	GNA11
1231	GNA12
1232	GNA13
1233	GNAI1
1234	GNAI2
1235	GNAI3
1236	GNAO1
1237	GNAQ
1238	GNAS
1239	GNAT1
1240	GNAT2
1241	GNAZ
1242	GNB1
1243	GNB2
1244	GNB3
1245	GNG12
1246	GNG2
1247	GNG3
1248	GNGT1
1249	GNL3
1250	GNRH1
1251	GNRH2
1252	GNRHR
1253	GOLGA2
1254	GOLGA3
1255	GORASP1
1256	GP6
1257	GP9
1258	GPA33
1259	GPER1
1260	GPHN
1261	GPI
1262	GPNMB
1263	GPR143
1264	GPR146
1265	GPR156
1266	GPR37
1267	GPSM2
1268	GPX1
1269	GRAP
1270	GRB10
1271	GRB2
1272	GRB7
1273	GREB1
1274	GRHL2
1275	GRIA1
1276	GRIA4
1277	GRIK1
1278	GRIN1
1279	GRIN2A
1280	GRIN2B
1281	GRIN3A
1282	GRK2
1283	GRK5
1284	GRK6
1285	GRM1
1286	GRM7
1287	GRPR
1288	GSK3A
1289	GSK3B
1290	GSN
1291	GSTA1
1292	GSTK1
1293	GSTM1
1294	GSTP1
1295	GTF2H2
1296	GTF2I
1297	GTSE1
1298	GULP1
1299	GXYLT1
1300	GXYLT2
1301	GYS1
1302	GZMB
1303	H2AFX
1304	H2AFZ
1305	H3F3B
1306	HABP4
1307	HACE1
1308	HAMP
1309	HAX1
1310	HBA2
1311	HBEGF
1312	HBG1
1313	HBP1
1314	HCFC1
1315	HCK
1316	HCLS1
1317	HCN2
1318	HCN4
1319	HDAC1
1320	HDAC2
1321	HDAC3
1322	HDAC4
1323	HDAC5
1324	HDAC6
1325	HDAC7
1326	HDAC8
1327	HDAC9
1328	HEBP2
1329	HELLS
1330	HEMGN
1331	HERC2
1332	HERC5
1333	HES1
1334	HES5
1335	HES6
1336	HEY1
1337	HEY2
1338	HGF
1339	HGS
1340	HHAT
1341	HHEX
1342	HHIP
1343	HIC1
1344	HIF1A
1345	HIF1AN
1346	HINFP
1347	HIPK2
1348	HIPK4
1349	HIRA
1350	HIST1H1A
1351	HIST1H1B
1352	HIST1H1E
1353	HIST1H2AG
1354	HIST1H2AM
1355	HIST1H2BB
1356	HIST1H2BJ
1357	HIST1H3F
1358	HIST1H4A
1359	HIST1H4D
1360	HIST2H3A
1361	HIST3H3
1362	HK1
1363	HLA-A
1364	HLA-F
1365	HLF
1366	HLTF
1367	HMCN1
1368	HMGA1
1369	HMGA2
1370	HMGB1
1371	HMGCR
1372	HMGCS1
1373	HMGN1
1374	HMGN2
1375	HMOX1
1376	HNF1A
1377	HNF4A
1378	HNF4G
1379	HNRNPA0
1380	HNRNPA1
1381	HNRNPA2B1
1382	HNRNPC
1383	HNRNPD
1384	HNRNPK
1385	HNRNPL
1386	HNRNPU
1387	HOOK3
1388	HOXA10
1389	HOXA11
1390	HOXA4
1391	HOXA5
1392	HOXA7
1393	HOXA9
1394	HOXB13
1395	HOXB4
1396	HOXB7
1397	HOXB9
1398	HOXC8
1399	HP
1400	HPR
1401	HRAS
1402	HRH1
1403	HRK
1404	HS1BP3
1405	HSBP1
1406	HSD11B2
1407	HSD17B1
1408	HSD17B11
1409	HSD17B2
1410	HSD3B1
1411	HSD3B2
1412	HSF1
1413	HSF2
1414	HSP90AA1
1415	HSP90AA2P
1416	HSP90AB1
1417	HSP90B1
1418	HSPA1A
1419	HSPA4
1420	HSPA5
1421	HSPA8
1422	HSPA9
1423	HSPB1
1424	HSPB2
1425	HSPB6
1426	HSPB8
1427	HSPD1
1428	HSPE1
1429	HSPH1
1430	HTATIP2
1431	HTR1A
1432	HTR1F
1433	HTR2A
1434	HTR5A
1435	HTRA2
1436	HTT
1437	HUWE1
1438	HYAL1
1439	HYAL2
1440	IBSP
1441	ICAM1
1442	ICAM3
1443	ICAM4
1444	ICK
1445	ID1
1446	ID2
1447	ID3
1448	IER3
1449	IFI16
1450	IFI35
1451	IFIH1
1452	IFIT3
1453	IFNA1
1454	IFNA13
1455	IFNA2
1456	IFNAR1
1457	IFNAR2
1458	IFNB1
1459	IFNG
1460	IFNGR1
1461	IFNGR2
1462	IFNLR1
1463	IGF1
1464	IGF1R
1465	IGF2
1466	IGF2R
1467	IGFBP1
1468	IGFBP3
1469	IGFBP4
1470	IGFBP5
1471	IGFBP6
1472	IHH
1473	IKBKB
1474	IKBKE
1475	IKBKG
1476	IKZF1
1477	IL10
1478	IL10RA
1479	IL11RA
1480	IL12A
1481	IL12B
1482	IL12RB1
1483	IL12RB2
1484	IL13RA1
1485	IL15RA
1486	IL16
1487	IL17C
1488	IL18
1489	IL19
1490	IL1A
1491	IL1B
1492	IL1R1
1493	IL1RAP
1494	IL1RN
1495	IL2
1496	IL20RA
1497	IL20RB
1498	IL21
1499	IL21R
1500	IL22RA1
1501	IL23A
1502	IL23R
1503	IL27
1504	IL2RA
1505	IL2RB
1506	IL2RG
1507	IL3
1508	IL31RA
1509	IL33
1510	IL3RA
1511	IL4
1512	IL4R
1513	IL5
1514	IL5RA
1515	IL6
1516	IL6R
1517	IL6ST
1518	IL7
1519	IL7R
1520	IL9R
1521	ILF3
1522	ILK
1523	INA
1524	INCENP
1525	ING1
1526	ING2
1527	INHBA
1528	INHBC
1529	INHBE
1530	INO80
1531	INPP5D
1532	INPPL1
1533	INS
1534	INSIG1
1535	INSR
1536	INTS7
1537	IQGAP1
1538	IRAK1
1539	IRAK2
1540	IRAK3
1541	IRAK4
1542	IREB2
1543	IRF1
1544	IRF2
1545	IRF2BP1
1546	IRF2BP2
1547	IRF3
1548	IRF4
1549	IRF5
1550	IRF7
1551	IRF8
1552	IRF9
1553	IRGC
1554	IRS1
1555	IRS2
1556	IRS4
1557	ISCU
1558	ISG15
1559	ISL1
1560	ISYNA1
1561	ITCH
1562	ITGA11
1563	ITGA2B
1564	ITGA3
1565	ITGA4
1566	ITGA5
1567	ITGA6
1568	ITGAD
1569	ITGAE
1570	ITGAL
1571	ITGAM
1572	ITGAV
1573	ITGAX
1574	ITGB1
1575	ITGB2
1576	ITGB3
1577	ITGB3BP
1578	ITGB4
1579	ITGB5
1580	ITGB6
1581	ITGB7
1582	ITGB8
1583	ITK
1584	ITPKA
1585	ITPR1
1586	IVL
1587	JAG1
1588	JAG2
1589	JAK1
1590	JAK2
1591	JAK3
1592	JARID2
1593	JDP2
1594	JMY
1595	JUN
1596	JUNB
1597	JUND
1598	JUP
1599	KARS
1600	KAT2A
1601	KAT2B
1602	KAT5
1603	KAT6A
1604	KAT7
1605	KAT8
1606	KATNAL1
1607	KCNA2
1608	KCNA3
1609	KCNB1
1610	KCND2
1611	KCNH2
1612	KCNIP3
1613	KCNJ1
1614	KCNJ13
1615	KCNK3
1616	KCNK9
1617	KCNMA1
1618	KCNQ2
1619	KCNQ4
1620	KDM1A
1621	KDM1B
1622	KDM2B
1623	KDM3A
1624	KDM4A
1625	KDM5B
1626	KDM5C
1627	KDM6A
1628	KDM7A
1629	KDR
1630	KEAP1
1631	KHDRBS1
1632	KHDRBS2
1633	KHSRP
1634	KIAA0101
1635	KIAA1217
1636	KIAA1524
1637	KIDINS220
1638	KIF11
1639	KIF13B
1640	KIF22
1641	KIF23
1642	KIF2A
1643	KIF2B
1644	KIF2C
1645	KIF7
1646	KIR3DL1
1647	KIT
1648	KITLG
1649	KIZ
1650	KL
1651	KLC1
1652	KLF1
1653	KLF10
1654	KLF11
1655	KLF12
1656	KLF13
1657	KLF15
1658	KLF2
1659	KLF4
1660	KLF5
1661	KLF6
1662	KLK2
1663	KLK3
1664	KLK4
1665	KLKB1
1666	KMT2A
1667	KMT2B
1668	KMT2D
1669	KMT2E
1670	KMT5A
1671	KNL1
1672	KNSTRN
1673	KPNA2
1674	KPNA3
1675	KPNA4
1676	KPNA6
1677	KRAS
1678	KREMEN1
1679	KRT1
1680	KRT14
1681	KRT16
1682	KRT17
1683	KRT18
1684	KRT19
1685	KRT5
1686	KRT7
1687	KRT8
1688	KSR1
1689	KSR2
1690	L1CAM
1691	L1TD1
1692	LAMA1
1693	LAMA3
1694	LAMB1
1695	LAMP1
1696	LAMTOR3
1697	LAMTOR5
1698	LAP3
1699	LAT
1700	LAT2
1701	LATS1
1702	LATS2
1703	LBP
1704	LBR
1705	LCAT
1706	LCK
1707	LCP2
1708	LCT
1709	LDHA
1710	LDLR
1711	LECT1
1712	LEF1
1713	LEFTY1
1714	LEP
1715	LEPR
1716	LFNG
1717	LGALS3
1718	LHB
1719	LHCGR
1720	LHX3
1721	LHX4
1722	LIF
1723	LIFR
1724	LIG1
1725	LIG3
1726	LIMK1
1727	LIMK2
1728	LIN28A
1729	LIN28B
1730	LIN9
1731	LIPE
1732	LIPH
1733	LITAF
1734	LMNA
1735	LMO2
1736	LMO4
1737	LMTK2
1738	LONP1
1739	LOR
1740	LPAR1
1741	LPAR2
1742	LPAR3
1743	LPAR4
1744	LPAR6
1745	LPIN1
1746	LPIN3
1747	LPL
1748	LRIG1
1749	LRP1
1750	LRP2
1751	LRP5
1752	LRP6
1753	LRRC59
1754	LRRFIP1
1755	LRRFIP2
1756	LRRK2
1757	LTA4H
1758	LTBP1
1759	LTC4S
1760	LTF
1761	LTK
1762	LUC7L
1763	LUM
1764	LY96
1765	LYL1
1766	LYN
1767	LYZ
1768	MACROD1
1769	MAD1L1
1770	MAD2L1
1771	MADCAM1
1772	MAF
1773	MAF1
1774	MAFA
1775	MAFB
1776	MAFG
1777	MAFK
1778	MAGEA11
1779	MAL
1780	MALT1
1781	MAML1
1782	MAML2
1783	MAML3
1784	MAN1A1
1785	MAP1B
1786	MAP1LC3A
1787	MAP1LC3B
1788	MAP1LC3C
1789	MAP2
1790	MAP2K1
1791	MAP2K2
1792	MAP2K3
1793	MAP2K4
1794	MAP2K5
1795	MAP2K6
1796	MAP2K7
1797	MAP3K1
1798	MAP3K10
1799	MAP3K11
1800	MAP3K12
1801	MAP3K13
1802	MAP3K14
1803	MAP3K2
1804	MAP3K20
1805	MAP3K3
1806	MAP3K4
1807	MAP3K5
1808	MAP3K6
1809	MAP3K7
1810	MAP3K8
1811	MAP4
1812	MAP4K1
1813	MAP4K2
1814	MAP4K3
1815	MAP4K4
1816	MAP4K5
1817	MAP9
1818	MAPK1
1819	MAPK10
1820	MAPK11
1821	MAPK12
1822	MAPK13
1823	MAPK14
1824	MAPK15
1825	MAPK3
1826	MAPK6
1827	MAPK7
1828	MAPK8
1829	MAPK8IP1
1830	MAPK8IP2
1831	MAPK8IP3
1832	MAPK9
1833	MAPKAP1
1834	MAPKAPK2
1835	MAPKAPK5
1836	MAPRE3
1837	MAPT
1838	MARCHF7
1839	MARCKS
1840	MARCO
1841	MARK1
1842	MARK2
1843	MARK3
1844	MARK4
1845	MARS
1846	MAS1
1847	MAST1
1848	MAST2
1849	MAST3
1850	MAT1A
1851	MAT2A
1852	MAT2B
1853	MATK
1854	MATN1
1855	MAVS
1856	MAX
1857	MAZ
1858	MB
1859	MBD1
1860	MBD3
1861	MBP
1862	MC2R
1863	MC3R
1864	MCF2
1865	MCL1
1866	MCM10
1867	MCM2
1868	MCM3
1869	MCM4
1870	MCM5
1871	MCM6
1872	MCM7
1873	MCM8
1874	MCOLN3
1875	MCPH1
1876	MDC1
1877	MDK
1878	MDM2
1879	MDM4
1880	MECOM
1881	MED1
1882	MED12
1883	MED14
1884	MED16
1885	MED28
1886	MEF2A
1887	MEF2B
1888	MEF2C
1889	MEF2D
1890	MEFV
1891	MEIS1
1892	MEIS2
1893	MELK
1894	MEN1
1895	MEOX2
1896	MEP1A
1897	MERTK
1898	MET
1899	METTL1
1900	MFAP5
1901	MFNG
1902	MGA
1903	MGAT5
1904	MGMT
1905	MGST1
1906	MIA
1907	MIB1
1908	MIF
1909	MINK1
1910	MITF
1911	MKLN1
1912	MKNK1
1913	MKNK2
1914	MLANA
1915	MLH1
1916	MLST8
1917	MME
1918	MMP1
1919	MMP10
1920	MMP11
1921	MMP13
1922	MMP14
1923	MMP2
1924	MMP3
1925	MMP7
1926	MMP9
1927	MN1
1928	MNT
1929	MNX1
1930	MOB1A
1931	MOB1B
1932	MPG
1933	MPL
1934	MPLKIP
1935	MPO
1936	MPRIP
1937	MPZL1
1938	MRAS
1939	MRE11
1940	MRPL17
1941	MRPL46
1942	MRPS10
1943	MRPS18B
1944	MRPS24
1945	MRTFA
1946	MS4A2
1947	MSC
1948	MSH2
1949	MSH6
1950	MSN
1951	MSR1
1952	MST1
1953	MST1R
1954	MSX1
1955	MSX2
1956	MT1G
1957	MT2A
1958	MT3
1959	MTA1
1960	MTA3
1961	MTCH2
1962	MTCP1
1963	MTHFD1
1964	MTHFR
1965	MTMR3
1966	MTMR4
1967	MTMR9
1968	MTNR1A
1969	MTOR
1970	MTSS1
1971	MTTP
1972	MUC1
1973	MUC2
1974	MUC4
1975	MUC5AC
1976	MUL1
1977	MUSK
1978	MUTYH
1979	MVP
1980	MXD1
1981	MXD3
1982	MXD4
1983	MXI1
1984	MYB
1985	MYBL2
1986	MYBPC3
1987	MYC
1988	MYCBP
1989	MYCN
1990	MYD88
1991	MYH10
1992	MYH9
1993	MYL1
1994	MYL12A
1995	MYL5
1996	MYL9
1997	MYLK
1998	MYOCD
1999	MYOD1
2000	MYOG
2001	MYOM1
2002	MYRIP
2003	MYT1
2004	MZF1
2005	NAA10
2006	NAA35
2007	NAB2
2008	NABP2
2009	NACA
2010	NAIP
2011	NANOG
2012	NANOS1
2013	NAP1L1
2014	NARS
2015	NAT1
2016	NBN
2017	NBR1
2018	NCAM1
2019	NCBP1
2020	NCBP3
2021	NCF1
2022	NCF2
2023	NCF4
2024	NCK1
2025	NCK2
2026	NCKIPSD
2027	NCL
2028	NCOA1
2029	NCOA2
2030	NCOA3
2031	NCOA4
2032	NCOR1
2033	NCOR2
2034	NCSTN
2035	NDC80
2036	NDE1
2037	NDEL1
2038	NDRG1
2039	NDRG2
2040	NEB
2041	NEDD4
2042	NEDD4L
2043	NEDD8
2044	NEFH
2045	NEFL
2046	NEIL1
2047	NEK11
2048	NEK2
2049	NEO1
2050	NES
2051	NEUROD1
2052	NF1
2053	NF2
2054	NFASC
2055	NFAT5
2056	NFATC1
2057	NFATC2
2058	NFATC3
2059	NFATC4
2060	NFE2L1
2061	NFE2L2
2062	NFIA
2063	NFIB
2064	NFIC
2065	NFIL3
2066	NFIX
2067	NFKB1
2068	NFKB2
2069	NFKBIA
2070	NFKBIB
2071	NFKBIE
2072	NFKBIZ
2073	NFYA
2074	NFYB
2075	NGF
2076	NIN
2077	NINL
2078	NIPSNAP1
2079	NKD1
2080	NKIRAS1
2081	NKRF
2082	NKX2-1
2083	NKX2-5
2084	NKX3-1
2085	NKX3-2
2086	NLK
2087	NLRC4
2088	NLRP1
2089	NMBR
2090	NME1
2091	NME2
2092	NME3
2093	NMI
2094	NNMT
2095	NOD1
2096	NOD2
2097	NODAL
2098	NOG
2099	NOL3
2100	NOL7
2101	NOLC1
2102	NONO
2103	NOP56
2104	NOS1
2105	NOS2
2106	NOS3
2107	NOTCH1
2108	NOTCH2
2109	NOTCH3
2110	NOTCH4
2111	NOX4
2112	NOX5
2113	NOXA1
2114	NOXO1
2115	NPAT
2116	NPC1
2117	NPC1L1
2118	NPHP1
2119	NPHS1
2120	NPM1
2121	NPPA
2122	NPR1
2123	NQO1
2124	NR0B1
2125	NR0B2
2126	NR1D1
2127	NR1H2
2128	NR1H3
2129	NR1H4
2130	NR1I2
2131	NR1I3
2132	NR2F1
2133	NR2F2
2134	NR2F6
2135	NR3C1
2136	NR3C2
2137	NR4A1
2138	NR5A1
2139	NR5A2
2140	NRAS
2141	NRCAM
2142	NRF1
2143	NRG1
2144	NRG2
2145	NRP1
2146	NRTN
2147	NRXN1
2148	NSD1
2149	NSD2
2150	NSFL1C
2151	NSMCE2
2152	NSUN2
2153	NT5E
2154	NTF3
2155	NTF4
2156	NTRK1
2157	NTRK2
2158	NTRK3
2159	NUAK1
2160	NUAK2
2161	NUDC
2162	NUDT3
2163	NUMA1
2164	NUMB
2165	NUP153
2166	NUP155
2167	NUP188
2168	NUP214
2169	NUP50
2170	NUP98
2171	NUPR1
2172	NUSAP1
2173	NYX
2174	OCA2
2175	OCLN
2176	ODC1
2177	OGG1
2178	OLR1
2179	OPRM1
2180	OPTN
2181	ORC1
2182	ORC2
2183	OS9
2184	OSGIN1
2185	OSM
2186	OTUB1
2187	OTUD5
2188	OXSR1
2189	OXT
2190	OXTR
2191	P2RX6
2192	P4HA1
2193	P4HA2
2194	PA2G4
2195	PADI1
2196	PADI4
2197	PAFAH1B1
2198	PAG1
2199	PAGE4
2200	PAK1
2201	PAK1IP1
2202	PAK2
2203	PAK3
2204	PAK4
2205	PAK6
2206	PALB2
2207	PANK1
2208	PARD3
2209	PARD6A
2210	PARG
2211	PARN
2212	PARP1
2213	PAWR
2214	PAX2
2215	PAX3
2216	PAX4
2217	PAX5
2218	PAX6
2219	PAX7
2220	PAX8
2221	PAXIP1
2222	PBK
2223	PBRM1
2224	PBX1
2225	PCBP4
2226	PCGF2
2227	PCK1
2228	PCK2
2229	PCM1
2230	PCNA
2231	PCSK1
2232	PCSK2
2233	PCSK6
2234	PCSK7
2235	PCSK9
2236	PCYT1A
2237	PCYT2
2238	PDCD4
2239	PDCD5
2240	PDCL
2241	PDE3A
2242	PDE3B
2243	PDE4D
2244	PDE4DIP
2245	PDE5A
2246	PDGFA
2247	PDGFB
2248	PDGFC
2249	PDGFD
2250	PDGFRA
2251	PDGFRB
2252	PDHA1
2253	PDHA2
2254	PDHX
2255	PDK1
2256	PDK2
2257	PDK4
2258	PDPK1
2259	PDX1
2260	PDZD3
2261	PEA15
2262	PEBP1
2263	PEG3
2264	PELI1
2265	PELI2
2266	PELI3
2267	PELP1
2268	PENK
2269	PER1
2270	PER2
2271	PER3
2272	PERP
2273	PF4
2274	PFKFB1
2275	PFKFB2
2276	PFKFB3
2277	PFKL
2278	PFKP
2279	PFN1
2280	PGAM1
2281	PGAM5
2282	PGC
2283	PGF
2284	PGK1
2285	PGM1
2286	PGR
2287	PHB
2288	PHF20
2289	PHF6
2290	PHF8
2291	PHGDH
2292	PHLPP1
2293	PHLPP2
2294	PI4KB
2295	PIAS1
2296	PIAS2
2297	PIAS3
2298	PIAS4
2299	PICALM
2300	PIDD1
2301	PIGR
2302	PIK3AP1
2303	PIK3C2A
2304	PIK3C2B
2305	PIK3C3
2306	PIK3CA
2307	PIK3CB
2308	PIK3CD
2309	PIK3CG
2310	PIK3R1
2311	PIK3R2
2312	PIK3R3
2313	PIKFYVE
2314	PIM1
2315	PIM2
2316	PIM3
2317	PIN1
2318	PINK1
2319	PINX1
2320	PIP4K2A
2321	PIP5K1A
2322	PIP5K1B
2323	PIP5K1C
2324	PITPNM1
2325	PITX1
2326	PITX2
2327	PKD1
2328	PKD2
2329	PKIA
2330	PKLR
2331	PKM
2332	PKMYT1
2333	PKN1
2334	PKN2
2335	PKNOX1
2336	PKP3
2337	PLA2G4A
2338	PLAA
2339	PLAC1
2340	PLAG1
2341	PLAGL1
2342	PLAGL2
2343	PLAT
2344	PLAU
2345	PLAUR
2346	PLCB1
2347	PLCB2
2348	PLCB3
2349	PLCE1
2350	PLCG1
2351	PLCG2
2352	PLD1
2353	PLD2
2354	PLEC
2355	PLEK
2356	PLEKHG6
2357	PLIN2
2358	PLK1
2359	PLK2
2360	PLK3
2361	PLK4
2362	PLSCR1
2363	PLSCR2
2364	PLSCR3
2365	PLXNA1
2366	PLXNB3
2367	PMAIP1
2368	PMEL
2369	PMEPA1
2370	PML
2371	PMPCB
2372	PMS2
2373	PNCK
2374	PNKP
2375	PNPLA8
2376	PNRC2
2377	PODXL
2378	POFUT1
2379	POGLUT1
2380	POLA1
2381	POLB
2382	POLD1
2383	POLD4
2384	POLE2
2385	POLE3
2386	POLH
2387	POLK
2388	POLR2A
2389	POMGNT1
2390	POMT2
2391	PON1
2392	PON2
2393	POPDC3
2394	POT1
2395	POU1F1
2396	POU2AF1
2397	POU2F1
2398	POU2F2
2399	POU3F2
2400	POU4F1
2401	POU4F2
2402	POU5F1
2403	PPA1
2404	PPARA
2405	PPARD
2406	PPARG
2407	PPARGC1A
2408	PPAT
2409	PPIA
2410	PPIB
2411	PPID
2412	PPIF
2413	PPL
2414	PPM1A
2415	PPM1B
2416	PPM1D
2417	PPM1E
2418	PPM1F
2419	PPM1J
2420	PPP1CA
2421	PPP1CB
2422	PPP1CC
2423	PPP1R12A
2424	PPP1R12B
2425	PPP1R13B
2426	PPP1R13L
2427	PPP1R14A
2428	PPP1R15A
2429	PPP1R1B
2430	PPP1R2
2431	PPP1R8
2432	PPP2CA
2433	PPP2CB
2434	PPP2R1A
2435	PPP2R2A
2436	PPP2R2C
2437	PPP2R4
2438	PPP2R5A
2439	PPP2R5B
2440	PPP2R5C
2441	PPP2R5D
2442	PPP3CA
2443	PPP3CB
2444	PPP3CC
2445	PPP4C
2446	PPP4R3A
2447	PPP5C
2448	PPP6C
2449	PPRC1
2450	PRAME
2451	PRC1
2452	PRDM1
2453	PRDM14
2454	PRDM16
2455	PRDM2
2456	PRDX1
2457	PRDX3
2458	PRDX5
2459	PRDX6
2460	PREX2
2461	PRF1
2462	PRKAA1
2463	PRKAA2
2464	PRKAB1
2465	PRKACA
2466	PRKACB
2467	PRKACG
2468	PRKAG1
2469	PRKAR1A
2470	PRKCA
2471	PRKCB
2472	PRKCD
2473	PRKCE
2474	PRKCG
2475	PRKCH
2476	PRKCI
2477	PRKCQ
2478	PRKCZ
2479	PRKD1
2480	PRKD2
2481	PRKD3
2482	PRKDC
2483	PRKG1
2484	PRKG2
2485	PRKN
2486	PRKX
2487	PRL
2488	PRLR
2489	PRMT1
2490	PRMT5
2491	PRMT6
2492	PROC
2493	PRODH
2494	PROK2
2495	PROKR1
2496	PROKR2
2497	PROS1
2498	PROX1
2499	PRPF3
2500	PRPF4B
2501	PRRX1
2502	PRSS1
2503	PRSS21
2504	PRSS35
2505	PRSS50
2506	PSD4
2507	PSEN1
2508	PSEN2
2509	PSIP1
2510	PSMA7
2511	PSMB10
2512	PSMB9
2513	PSMC3
2514	PSMD8
2515	PSME3
2516	PSMG1
2517	PTAFR
2518	PTBP1
2519	PTCH1
2520	PTCH2
2521	PTCRA
2522	PTEN
2523	PTGDS
2524	PTGER1
2525	PTGER2
2526	PTGER3
2527	PTGES
2528	PTGES3
2529	PTGIR
2530	PTGS2
2531	PTHLH
2532	PTK2
2533	PTK2B
2534	PTK6
2535	PTK7
2536	PTMA
2537	PTN
2538	PTP4A1
2539	PTP4A2
2540	PTP4A3
2541	PTPA
2542	PTPN1
2543	PTPN11
2544	PTPN12
2545	PTPN13
2546	PTPN2
2547	PTPN21
2548	PTPN22
2549	PTPN3
2550	PTPN5
2551	PTPN6
2552	PTPN7
2553	PTPRA
2554	PTPRB
2555	PTPRC
2556	PTPRD
2557	PTPRE
2558	PTPRF
2559	PTPRG
2560	PTPRH
2561	PTPRJ
2562	PTPRK
2563	PTPRO
2564	PTPRR
2565	PTPRU
2566	PTPRZ1
2567	PTRH2
2568	PTTG1
2569	PUF60
2570	PURA
2571	PWP2
2572	PXN
2573	PYCARD
2574	RAB11A
2575	RAB11FIP2
2576	RAB27A
2577	RAB3A
2578	RAB3GAP1
2579	RAB4A
2580	RABGGTA
2581	RAC1
2582	RAC2
2583	RAC3
2584	RACGAP1
2585	RACK1
2586	RAD1
2587	RAD17
2588	RAD21
2589	RAD50
2590	RAD51
2591	RAD52
2592	RAD9A
2593	RAF1
2594	RAG1
2595	RAG2
2596	RALA
2597	RALB
2598	RALBP1
2599	RALGDS
2600	RAN
2601	RANBP10
2602	RANBP2
2603	RANBP3
2604	RANBP9
2605	RANGAP1
2606	RAP1A
2607	RAP1B
2608	RAP1GAP
2609	RAP1GDS1
2610	RAP2A
2611	RAPGEF1
2612	RAPGEF2
2613	RAPGEF5
2614	RAPGEF6
2615	RARA
2616	RARB
2617	RARG
2618	RARRES1
2619	RASA1
2620	RASA4
2621	RASGEF1A
2622	RASGEF1B
2623	RASGEF1C
2624	RASGRF1
2625	RASGRF2
2626	RASGRP1
2627	RASGRP3
2628	RASSF1
2629	RASSF5
2630	RAVER1
2631	RB1
2632	RB1CC1
2633	RBBP4
2634	RBBP8
2635	RBCK1
2636	RBL1
2637	RBL2
2638	RBM38
2639	RBM39
2640	RBM4
2641	RBMS3
2642	RBP1
2643	RBPJ
2644	RBX1
2645	RCAN1
2646	RCC1
2647	RCHY1
2648	RCOR1
2649	RDX
2650	REC8
2651	RECQL4
2652	RECQL5
2653	REL
2654	RELA
2655	RELB
2656	RELN
2657	REN
2658	REST
2659	RET
2660	RETN
2661	REV3L
2662	RFC2
2663	RFNG
2664	RFWD3
2665	RFX1
2666	RFX5
2667	RGCC
2668	RGR
2669	RGS16
2670	RGS19
2671	RGS2
2672	RGS4
2673	RHEB
2674	RHOA
2675	RHOB
2676	RHOQ
2677	RHOU
2678	RICTOR
2679	RILPL2
2680	RIMS1
2681	RIN1
2682	RIOX2
2683	RIPK1
2684	RIPK2
2685	RIPK3
2686	RIT1
2687	RITA1
2688	RLF
2689	RNASE2
2690	RND1
2691	RND3
2692	RNF11
2693	RNF111
2694	RNF144B
2695	RNF168
2696	RNF2
2697	RNF20
2698	RNF26
2699	RNF40
2700	RNF43
2701	RNF7
2702	RNF8
2703	RNLS
2704	ROBO1
2705	ROBO2
2706	ROCK1
2707	ROCK2
2708	ROR1
2709	ROR2
2710	RORA
2711	RORC
2712	ROS1
2713	RPA1
2714	RPA2
2715	RPH3A
2716	RPL10
2717	RPL13
2718	RPL13A
2719	RPL19
2720	RPL22
2721	RPL23
2722	RPL26
2723	RPL27
2724	RPL3
2725	RPL32
2726	RPL39L
2727	RPL5
2728	RPL6
2729	RPP30
2730	RPRD2
2731	RPRM
2732	RPS15A
2733	RPS16
2734	RPS19
2735	RPS19BP1
2736	RPS20
2737	RPS24
2738	RPS27L
2739	RPS3
2740	RPS6
2741	RPS6KA1
2742	RPS6KA2
2743	RPS6KA3
2744	RPS6KA4
2745	RPS6KA5
2746	RPS6KB1
2747	RPS6KB2
2748	RPTOR
2749	RRAGA
2750	RRAGB
2751	RRAGC
2752	RRAGD
2753	RRAS
2754	RREB1
2755	RRM1
2756	RRM2
2757	RRM2B
2758	RRN3
2759	RRP1B
2760	RSF1
2761	RTN3
2762	RUNX1
2763	RUNX1T1
2764	RUNX2
2765	RUNX3
2766	RXRA
2767	RXRB
2768	RXRG
2769	RYBP
2770	RYK
2771	RYR1
2772	RYR2
2773	S100A10
2774	S100A11
2775	S100A2
2776	S100A4
2777	S100A6
2778	S100A9
2779	S100B
2780	S100Z
2781	S1PR1
2782	S1PR2
2783	S1PR3
2784	SAA1
2785	SAA2
2786	SALL4
2787	SAMD4A
2788	SAMHD1
2789	SAP18
2790	SAT1
2791	SATB2
2792	SAV1
2793	SBNO2
2794	SCAMP3
2795	SCAP
2796	SCARB1
2797	SCD
2798	SCD5
2799	SCN10A
2800	SCN11A
2801	SCN1A
2802	SCN2A
2803	SCN3A
2804	SCN3B
2805	SCN4A
2806	SCN5A
2807	SCN8A
2808	SCN9A
2809	SCNN1A
2810	SDC2
2811	SDC4
2812	SEL1L
2813	SELE
2814	SELP
2815	SELPLG
2816	SEM1
2817	SEMA3A
2818	SEMA5A
2819	SEMA7A
2820	SENP3
2821	SEPTIN2
2822	SEPTIN5
2823	SERBP1
2824	SERF2
2825	SERPINA3
2826	SERPINB1
2827	SERPINB2
2828	SERPINB5
2829	SERPINC1
2830	SERPINE1
2831	SERPINF1
2832	SERTAD1
2833	SESN1
2834	SET
2835	SETD1A
2836	SETD2
2837	SETD7
2838	SETDB1
2839	SF1
2840	SF3B1
2841	SFN
2842	SFPQ
2843	SFRP1
2844	SFRP2
2845	SFTPB
2846	SFTPD
2847	SGK1
2848	SGK2
2849	SGK3
2850	SGO1
2851	SH2B1
2852	SH2B2
2853	SH2B3
2854	SH2D1A
2855	SH3BP2
2856	SH3BP4
2857	SH3GL1
2858	SH3GL2
2859	SH3GLB1
2860	SH3KBP1
2861	SH3RF1
2862	SHB
2863	SHBG
2864	SHC1
2865	SHC2
2866	SHC3
2867	SHH
2868	SHOC2
2869	SHOX
2870	SIAH1
2871	SIAH2
2872	SIGIRR
2873	SIGLEC10
2874	SIK1B
2875	SIK2
2876	SIK3
2877	SIRPA
2878	SIRT1
2879	SIRT2
2880	SIRT6
2881	SIRT7
2882	SIVA1
2883	SIX1
2884	SKAP1
2885	SKI
2886	SKIL
2887	SKP1
2888	SKP2
2889	SLAMF1
2890	SLC10A1
2891	SLC11A1
2892	SLC15A1
2893	SLC19A1
2894	SLC19A3
2895	SLC20A1
2896	SLC22A10
2897	SLC22A2
2898	SLC22A9
2899	SLC25A27
2900	SLC25A3
2901	SLC26A3
2902	SLC26A4
2903	SLC2A1
2904	SLC2A13
2905	SLC2A2
2906	SLC2A4
2907	SLC2A4RG
2908	SLC34A2
2909	SLC38A2
2910	SLC4A1
2911	SLC4A2
2912	SLC5A5
2913	SLC6A6
2914	SLC9A1
2915	SLC9A3
2916	SLIT1
2917	SLIT2
2918	SLK
2919	SLX4
2920	SMAD1
2921	SMAD2
2922	SMAD3
2923	SMAD4
2924	SMAD5
2925	SMAD6
2926	SMAD7
2927	SMAD9
2928	SMARCA2
2929	SMARCA4
2930	SMARCAD1
2931	SMARCB1
2932	SMARCC1
2933	SMARCC2
2934	SMARCD3
2935	SMC1A
2936	SMC3
2937	SMG1
2938	SMN1
2939	SMO
2940	SMPD1
2941	SMS
2942	SMUG1
2943	SMURF1
2944	SMURF2
2945	SMYD2
2946	SNAI1
2947	SNAI2
2948	SNAP25
2949	SNAPIN
2950	SNCA
2951	SNCAIP
2952	SNCB
2953	SND1
2954	SNIP1
2955	SNPH
2956	SNRK
2957	SNRNP27
2958	SNRPB
2959	SNRPD3
2960	SNTA1
2961	SNW1
2962	SNX27
2963	SNX9
2964	SOCS1
2965	SOCS2
2966	SOCS3
2967	SOCS4
2968	SOCS6
2969	SOD1
2970	SOD2
2971	SORBS1
2972	SORBS2
2973	SOS1
2974	SOS2
2975	SOX10
2976	SOX17
2977	SOX2
2978	SOX3
2979	SOX4
2980	SOX6
2981	SOX9
2982	SP1
2983	SP100
2984	SP2
2985	SP3
2986	SP4
2987	SP5
2988	SP7
2989	SPAG5
2990	SPAG9
2991	SPEN
2992	SPHK1
2993	SPHK2
2994	SPI1
2995	SPIB
2996	SPN
2997	SPNS1
2998	SPOP
2999	SPP1
3000	SPRED2
3001	SPRR1B
3002	SPRR2A
3003	SPRY1
3004	SPRY2
3005	SPRY4
3006	SPTAN1
3007	SPTBN1
3008	SPTBN2
3009	SQLE
3010	SQSTM1
3011	SRC
3012	SRCAP
3013	SREBF1
3014	SREBF2
3015	SRF
3016	SRM
3017	SRP68
3018	SRPK1
3019	SRPK2
3020	SRPX
3021	SRR
3022	SRSF1
3023	SRSF2
3024	SRY
3025	SS18L1
3026	SSB
3027	SSBP1
3028	SSH2
3029	SSRP1
3030	SST
3031	SSTR2
3032	SSTR4
3033	SSTR5
3034	ST3GAL1
3035	STAB2
3036	STAG2
3037	STAM
3038	STAP2
3039	STAR
3040	STARD10
3041	STARD3
3042	STARD4
3043	STAT1
3044	STAT2
3045	STAT3
3046	STAT4
3047	STAT5A
3048	STAT5B
3049	STAT6
3050	STEAP3
3051	STEAP4
3052	STIM1
3053	STK11
3054	STK17A
3055	STK26
3056	STK3
3057	STK36
3058	STK38
3059	STK4
3060	STMN1
3061	STRADA
3062	STRAP
3063	STUB1
3064	STX1A
3065	STX3
3066	STXBP1
3067	STXBP2
3068	STYX
3069	SUFU
3070	SUGT1
3071	SULT1E1
3072	SULT4A1
3073	SUMO1
3074	SUMO2
3075	SUMO3
3076	SUPT16H
3077	SUPT5H
3078	SUV39H1
3079	SYK
3080	SYN1
3081	SYN3
3082	SYNCRIP
3083	SYNGAP1
3084	SYT1
3085	SYT11
3086	T
3087	TAB1
3088	TAB2
3089	TAB3
3090	TAC3
3091	TACC1
3092	TACC2
3093	TACC3
3094	TAF1
3095	TAF1A
3096	TAF7
3097	TAGLN
3098	TAL1
3099	TANK
3100	TAOK1
3101	TAOK2
3102	TAOK3
3103	TAP1
3104	TBC1D1
3105	TBC1D4
3106	TBC1D7
3107	TBCB
3108	TBK1
3109	TBL1XR1
3110	TBP
3111	TBX1
3112	TBX2
3113	TBX21
3114	TBX3
3115	TBX5
3116	TBXA2R
3117	TBXAS1
3118	TCEA2
3119	TCF3
3120	TCF4
3121	TCF7
3122	TCF7L2
3123	TCFL5
3124	TCL1A
3125	TCL1B
3126	TDG
3127	TDGF1
3128	TDP1
3129	TEC
3130	TEK
3131	TELO2
3132	TERF1
3133	TERF2
3134	TERT
3135	TF
3136	TFAM
3137	TFAP2A
3138	TFAP2B
3139	TFAP2C
3140	TFAP4
3141	TFCP2
3142	TFDP1
3143	TFEB
3144	TFF1
3145	TFF3
3146	TFPI
3147	TFPI2
3148	TFRC
3149	TG
3150	TGFA
3151	TGFB1
3152	TGFB1I1
3153	TGFB2
3154	TGFB3
3155	TGFBR1
3156	TGFBR2
3157	TGFBR3
3158	TGIF1
3159	TGM2
3160	TH
3161	THBD
3162	THBS1
3163	THBS2
3164	THEM4
3165	THOC5
3166	THPO
3167	THRA
3168	THRAP3
3169	THRB
3170	TIA1
3171	TIAL1
3172	TIAM1
3173	TICAM1
3174	TICAM2
3175	TIGAR
3176	TIMELESS
3177	TIMP1
3178	TIMP2
3179	TIMP3
3180	TIRAP
3181	TK1
3182	TLE1
3183	TLE2
3184	TLK1
3185	TLN1
3186	TLR10
3187	TLR2
3188	TLR3
3189	TLR4
3190	TLR5
3191	TLR7
3192	TLR8
3193	TLR9
3194	TLX1
3195	TMBIM6
3196	TMEM47
3197	TMPO
3198	TMPRSS2
3199	TNC
3200	TNF
3201	TNFAIP1
3202	TNFAIP3
3203	TNFAIP6
3204	TNFAIP8L1
3205	TNFRSF10A
3206	TNFRSF10B
3207	TNFRSF10C
3208	TNFRSF10D
3209	TNFRSF11B
3210	TNFRSF13C
3211	TNFRSF14
3212	TNFRSF18
3213	TNFRSF1A
3214	TNFRSF1B
3215	TNFRSF21
3216	TNFRSF6B
3217	TNFSF10
3218	TNFSF11
3219	TNFSF14
3220	TNIK
3221	TNIP1
3222	TNIP2
3223	TNK2
3224	TNKS
3225	TNKS2
3226	TNNI3
3227	TNS2
3228	TNS3
3229	TOB1
3230	TOLLIP
3231	TOMM70
3232	TOP1
3233	TOP2A
3234	TOP3A
3235	TOPBP1
3236	TOPORS
3237	TP53
3238	TP53AIP1
3239	TP53BP1
3240	TP53BP2
3241	TP53I3
3242	TP53INP1
3243	TP53RK
3244	TP53TG5
3245	TP63
3246	TP73
3247	TPH1
3248	TPM1
3249	TPT1
3250	TPTEP2-CSNK1E
3251	TPX2
3252	TRADD
3253	TRAF1
3254	TRAF2
3255	TRAF3
3256	TRAF4
3257	TRAF6
3258	TRAF7
3259	TRAP1
3260	TRAPPC6A
3261	TRIAP1
3262	TRIB3
3263	TRIM22
3264	TRIM24
3265	TRIM27
3266	TRIM28
3267	TRIM33
3268	TRIM63
3269	TRIOBP
3270	TRIP11
3271	TRIP6
3272	TRO
3273	TRPC1
3274	TRPC3
3275	TRPC4
3276	TRPC6
3277	TRPM1
3278	TRPM2
3279	TRPM4
3280	TRPM7
3281	TRPM8
3282	TRPS1
3283	TRPV1
3284	TRPV3
3285	TRPV4
3286	TRPV5
3287	TRPV6
3288	TRRAP
3289	TSC1
3290	TSC2
3291	TSC22D3
3292	TSFM
3293	TSHR
3294	TSKU
3295	TSPAN16
3296	TTC17
3297	TTC3
3298	TTI1
3299	TTK
3300	TUB
3301	TUBA1A
3302	TUBA1B
3303	TUBA4A
3304	TUBB
3305	TUBB3
3306	TUBD1
3307	TWIST1
3308	TWIST2
3309	TXK
3310	TXN
3311	TXNIP
3312	TYK2
3313	TYMS
3314	TYR
3315	TYRO3
3316	TYRP1
3317	TYSND1
3318	UBA1
3319	UBC
3320	UBD
3321	UBE2A
3322	UBE2B
3323	UBE2C
3324	UBE2D1
3325	UBE2D2
3326	UBE2D3
3327	UBE2I
3328	UBE2M
3329	UBE2O
3330	UBE2R2
3331	UBE2S
3332	UBR1
3333	UBR2
3334	UBTF
3335	UCHL5
3336	UCN
3337	UCN2
3338	UCN3
3339	UCP1
3340	UGCG
3341	UGDH
3342	UGT1A1
3343	UGT1A10
3344	UGT1A4
3345	UGT1A6
3346	UGT1A8
3347	UGT1A9
3348	UGT2B15
3349	UGT2B17
3350	UGT2B4
3351	UGT2B7
3352	UHMK1
3353	UHRF1
3354	UIMC1
3355	ULK1
3356	ULK2
3357	UNC5B
3358	UNG
3359	UPF1
3360	UPP1
3361	USF1
3362	USF2
3363	USP1
3364	USP16
3365	USP22
3366	USP28
3367	USP6
3368	USP7
3369	USP9X
3370	UTRN
3371	UXT
3372	VAMP1
3373	VAMP2
3374	VAMP4
3375	VAV1
3376	VAV2
3377	VAV3
3378	VCAM1
3379	VCAN
3380	VCL
3381	VCP
3382	VDAC1
3383	VDAC2
3384	VDR
3385	VEGFA
3386	VEGFB
3387	VEGFC
3388	VEGFD
3389	VHL
3390	VIL1
3391	VIM
3392	VIP
3393	VLDLR
3394	VMP1
3395	VPS33B
3396	VRK1
3397	VTN
3398	VWA5A
3399	VWF
3400	WAPL
3401	WAS
3402	WASF1
3403	WASF2
3404	WASF3
3405	WDR82
3406	WDR83
3407	WEE1
3408	WNK1
3409	WNK4
3410	WNT1
3411	WNT10A
3412	WNT10B
3413	WNT11
3414	WNT16
3415	WNT2
3416	WNT2B
3417	WNT3
3418	WNT3A
3419	WNT4
3420	WNT5A
3421	WNT5B
3422	WNT6
3423	WNT7A
3424	WNT7B
3425	WNT8A
3426	WNT8B
3427	WNT9A
3428	WNT9B
3429	WRAP53
3430	WRN
3431	WSB1
3432	WT1
3433	WWOX
3434	WWP1
3435	WWTR1
3436	XAB2
3437	XAF1
3438	XBP1
3439	XIAP
3440	XPA
3441	XPC
3442	XPO1
3443	XRCC1
3444	XRCC6
3445	XXYLT1
3446	YAP1
3447	YBX1
3448	YBX3
3449	YES1
3450	YWHAB
3451	YWHAE
3452	YWHAH
3453	YWHAQ
3454	YWHAZ
3455	YY1
3456	ZAP70
3457	ZBP1
3458	ZBTB16
3459	ZBTB17
3460	ZBTB4
3461	ZBTB7A
3462	ZC3HAV1
3463	ZC3HC1
3464	ZDHHC9
3465	ZEB1
3466	ZEB2
3467	ZFHX3
3468	ZFP36
3469	ZFP36L1
3470	ZFYVE9
3471	ZG16B
3472	ZIC1
3473	ZNF148
3474	ZNF175
3475	ZNF20
3476	ZNF202
3477	ZNF217
3478	ZNF224
3479	ZNF267
3480	ZNF350
3481	ZNF367
3482	ZNF382
3483	ZNF420
3484	ZNF462
3485	ZNF613
3486	ZNF615
3487	ZNF652
3488	ZNF655
3489	ZNF763
3490	ZNF804B
3491	ZNHIT2
3492	ZYX
