1	A1BG
2	A2M
3	AA
4	AAAS
5	AAK1
6	AATF
7	AAVS1
8	ABCA1
9	ABCA3
10	ABCB1
11	ABCC1
12	ABCC3
13	ABCC8
14	ABCG1
15	ABCG2
16	ABCG5
17	ABHD5
18	ABI1
19	ABI2
20	ABI3
21	ABL1
22	ABL2
23	ABP1
24	ABR
25	ABT1
26	ACAA1
27	ACACA
28	ACACB
29	ACADL
30	ACADM
31	ACADVL
32	ACAN
33	ACAP1
34	ACAP2
35	ACCN2
36	ACCN3
37	ACE
38	ACE2
39	ACHE
40	ACIN1
41	ACO1
42	ACOT7
43	ACOX1
44	ACOX2
45	ACOX3
46	ACP1
47	ACP6
48	ACR
49	ACRC
50	ACSL1
51	ACSL3
52	ACSL4
53	ACSL5
54	ACSL6
55	ACSM3
56	ACSS1
57	ACSS2
58	ACTA1
59	ACTA2
60	ACTB
61	ACTG1
62	ACTG2
63	ACTIN
64	ACTL6A
65	ACTL6B
66	ACTN1
67	ACTN2
68	ACTN3
69	ACTN4
70	ACTR1A
71	ACTR2
72	ACTR3
73	ACTRT1
74	ACVR1
75	ACVR1B
76	ACVR1C
77	ACVR2A
78	ACVR2B
79	ACVRL1
80	AD5
81	ADA
82	ADAM10
83	ADAM12
84	ADAM15
85	ADAM17
86	ADAM19
87	ADAM2
88	ADAM22
89	ADAM23
90	ADAM33
91	ADAM9
92	ADAMTS1
93	ADAMTS13
94	ADAMTS16
95	ADAMTS4
96	ADAP1
97	ADAR
98	ADARB1
99	ADCY1
100	ADCY10
101	ADCY2
102	ADCY3
103	ADCY4
104	ADCY5
105	ADCY6
106	ADCY7
107	ADCY8
108	ADCY9
109	ADCYAP1
110	ADCYAP1R1
111	ADD1
112	ADH1A
113	ADI1
114	ADIPOQ
115	ADIPOR1
116	ADIPOR2
117	ADM
118	ADM2
119	ADNP
120	ADORA1
121	ADORA2A
122	ADORA2B
123	ADORA3
124	ADRA1A
125	ADRA1B
126	ADRA1D
127	ADRA2A
128	ADRA2B
129	ADRA2C
130	ADRB1
131	ADRB2
132	ADRB3
133	ADRBK1
134	ADRBK2
135	ADRM1
136	ADSS
137	AEN
138	AES
139	AFM
140	AFP
141	AGA
142	AGAP2
143	AGER
144	AGGF1
145	AGR2
146	AGRN
147	AGRP
148	AGT
149	AGTR1
150	AGTR2
151	AGTRAP
152	AHNAK
153	AHR
154	AHRR
155	AHSG
156	AHSP
157	AICDA
158	AIF1
159	AIFM1
160	AIFM2
161	AIM2
162	AIMP2
163	AIP
164	AIRE
165	AJAP1
166	AK2
167	AKAP1
168	AKAP10
169	AKAP13
170	AKAP5
171	AKAP8
172	AKAP9
173	AKR1B1
174	AKR1B10
175	AKR1C2
176	AKR7A2
177	AKT1
178	AKT1S1
179	AKT2
180	AKT3
181	ALAS1
182	ALB
183	ALCAM
184	ALDH1A1
185	ALDH1A2
186	ALDH9A1
187	ALDOA
188	ALDOB
189	ALK
190	ALMS1
191	ALOX12B
192	ALOX15
193	ALOX15B
194	ALOX5
195	ALOX5AP
196	ALPI
197	ALPK1
198	ALPK3
199	ALPP
200	ALX1
201	AMBN
202	AMELY
203	AMFR
204	AMH
205	AMHR2
206	AMICA1
207	AMPH
208	ANAPC1
209	ANAPC10
210	ANAPC11
211	ANAPC13
212	ANAPC2
213	ANAPC4
214	ANAPC5
215	ANAPC7
216	ANG
217	ANGPT1
218	ANGPT2
219	ANGPT4
220	ANGPTL1
221	ANGPTL4
222	ANK1
223	ANKRD1
224	ANKRD11
225	ANKRD12
226	ANKRD6
227	ANKS1A
228	ANP32A
229	ANP32B
230	ANPEP
231	ANTXR1
232	ANTXR2
233	ANXA1
234	ANXA11
235	ANXA2
236	ANXA5
237	ANXA6
238	ANXA7
239	AOC3
240	AP1B1
241	AP1G1
242	AP1S2
243	AP2A1
244	AP2A2
245	AP2B1
246	AP2M1
247	AP2S1
248	APAF1
249	APBA1
250	APBA2
251	APBA3
252	APBB1
253	APBB1IP
254	APC
255	APC2
256	APEX1
257	APEX2
258	APH1A
259	APH1B
260	APIP
261	APITD1
262	APLN
263	APLNR
264	APLP1
265	APLP2
266	APOA1
267	APOA2
268	APOA5
269	APOB
270	APOBEC1
271	APOBEC2
272	APOBEC3G
273	APOC2
274	APOC3
275	APOE
276	APOF
277	APP
278	APPL1
279	APPL2
280	APRT
281	AQP1
282	AQP2
283	AQP3
284	AQP7
285	AR
286	ARAF
287	ARAP1
288	ARAP2
289	ARAP3
290	AREG
291	ARF1
292	ARF4
293	ARF5
294	ARF6
295	ARFGAP1
296	ARFGAP2
297	ARFGAP3
298	ARFGEF1
299	ARFGEF2
300	ARFIP1
301	ARFIP2
302	ARG1
303	ARHGAP1
304	ARHGAP10
305	ARHGAP17
306	ARHGAP20
307	ARHGAP24
308	ARHGAP26
309	ARHGAP39
310	ARHGAP4
311	ARHGAP5
312	ARHGAP6
313	ARHGAP8
314	ARHGAP9
315	ARHGDIA
316	ARHGDIB
317	ARHGEF1
318	ARHGEF10
319	ARHGEF10L
320	ARHGEF11
321	ARHGEF12
322	ARHGEF15
323	ARHGEF17
324	ARHGEF18
325	ARHGEF2
326	ARHGEF3
327	ARHGEF4
328	ARHGEF5
329	ARHGEF6
330	ARHGEF7
331	ARHGEF9
332	ARID1A
333	ARID3A
334	ARID4A
335	ARIH2
336	ARL4C
337	ARL6IP5
338	ARNT
339	ARNT2
340	ARNTL
341	ARPC1A
342	ARPC1B
343	ARPC2
344	ARPC3
345	ARPC4
346	ARPC5
347	ARPC5L
348	ARRB1
349	ARRB2
350	ARRDC4
351	ARSA
352	ARSB
353	ARSG
354	ARTN
355	ASAH1
356	ASAP1
357	ASAP2
358	ASAP3
359	ASB15
360	ASCC1
361	ASCC3
362	ASCL1
363	ASNS
364	ASPH
365	ASPN
366	ATF1
367	ATF2
368	ATF3
369	ATF4
370	ATF6
371	ATF7
372	ATG12
373	ATG3
374	ATG5
375	ATG7
376	ATIC
377	ATM
378	ATN1
379	ATOH1
380	ATP1B3P1
381	ATP1BL1
382	ATP2A1
383	ATP2A2
384	ATP2A3
385	ATP2B1
386	ATP2B4
387	ATP2C1
388	ATP5J
389	ATP5J2
390	ATP6AP2
391	ATP6V0A4
392	ATP6V0D1
393	ATP6V0D2
394	ATP6V1B1
395	ATP6V1D
396	ATP6V1F
397	ATP6V1G1
398	ATP6V1G2
399	ATP6V1G3
400	ATP6V1H
401	ATP8A2
402	ATR
403	ATRIP
404	ATRX
405	ATXN1
406	ATXN2
407	ATXN3
408	ATXN7
409	AURKA
410	AURKAIP1
411	AURKB
412	AURKC
413	AVEN
414	AVP
415	AVPR1A
416	AVPR1B
417	AVPR2
418	AXIN1
419	AXIN2
420	AXL
421	AZI1
422	AZI2
423	AZIN1
424	B2M
425	B3GAT1
426	BACE1
427	BACE2
428	BACH1
429	BACH2
430	BAD
431	BAG1
432	BAG2
433	BAG3
434	BAG4
435	BAG5
436	BAI1
437	BAIAP2
438	BAK1
439	BAMBI
440	BANF1
441	BANK1
442	BANP
443	BAP1
444	BARD1
445	BARX1
446	BARX2
447	BAT3
448	BATF3
449	BAX
450	BBC3
451	BBS4
452	BCAM
453	BCAP31
454	BCAR1
455	BCAR3
456	BCAS3
457	BCAT1
458	BCCIP
459	BCHE
460	BCKDHB
461	BCL10
462	BCL11A
463	BCL11B
464	BCL2
465	BCL2A1
466	BCL2L1
467	BCL2L10
468	BCL2L11
469	BCL2L13
470	BCL2L14
471	BCL2L2
472	BCL3
473	BCL6
474	BCL7A
475	BCL9
476	BCR
477	BDH1
478	BDKRB1
479	BDKRB2
480	BDNF
481	BECN1
482	BFAR
483	BGLAP
484	BGN
485	BHLHE40
486	BHLHE41
487	BICD2
488	BID
489	BIK
490	BIN1
491	BIN2
492	BIRC2
493	BIRC3
494	BIRC5
495	BIRC6
496	BIRC7
497	BLCAP
498	BLK
499	BLM
500	BLNK
501	BLOC1S1
502	BLVRB
503	BMF
504	BMI1
505	BMP1
506	BMP10
507	BMP15
508	BMP2
509	BMP2K
510	BMP3
511	BMP4
512	BMP5
513	BMP6
514	BMP7
515	BMP8A
516	BMP8B
517	BMPR1A
518	BMPR1B
519	BMPR2
520	BMX
521	BNC1
522	BNIP3
523	BNIP3L
524	BOC
525	BOK
526	BPNT1
527	BRAF
528	BRAP
529	BRCA1
530	BRCA2
531	BRD2
532	BRD4
533	BRD7
534	BRD8
535	BRD9
536	BRE
537	BRF1
538	BRI3
539	BRIP1
540	BRMS1
541	BRS3
542	BRSK1
543	BRSK2
544	BSG
545	BSND
546	BST1
547	BTAF1
548	BTC
549	BTG1
550	BTG2
551	BTK
552	BTLA
553	BTRC
554	BUB1
555	BUB1B
556	BUB3
557	C10orf137
558	C11orf2
559	C12orf5
560	C13orf1
561	C13orf15
562	C13orf34
563	C16orf5
564	C16orf80
565	C17orf70
566	C19orf40
567	C1QA
568	C1QB
569	C1QC
570	C1QTNF1
571	C1R
572	C1S
573	C2
574	C3
575	C3AR1
576	C3orf10
577	C4A
578	C4B
579	C4BPA
580	C4BPB
581	C5
582	C5AR1
583	C6
584	C7
585	C7orf16
586	C7orf49
587	C8A
588	C8B
589	C8G
590	C8orf17
591	C8orf4
592	C9
593	C9orf89
594	CA1
595	CA2
596	CA5B
597	CA9
598	CAB39
599	CABIN1
600	CABLES1
601	CABLES2
602	CABP1
603	CACNA1A
604	CACNA1B
605	CACNA1C
606	CACNA1D
607	CACNA1E
608	CACNA1F
609	CACNA1G
610	CACNA1H
611	CACNA1I
612	CACNA1S
613	CACNA2D1
614	CACNA2D2
615	CACNA2D3
616	CACNA2D4
617	CACNB1
618	CACNB2
619	CACNB3
620	CACNB4
621	CACNG1
622	CACNG2
623	CACNG3
624	CACNG4
625	CACNG5
626	CACNG6
627	CACNG7
628	CACNG8
629	CACYBP
630	CAD
631	CADM1
632	CALB1
633	CALCA
634	CALCB
635	CALCOCO1
636	CALCR
637	CALCRL
638	CALD1
639	CALM1
640	CALM2
641	CALM3
642	CALML3
643	CALML5
644	CALML6
645	CALR
646	CAMK1
647	CAMK1D
648	CAMK1G
649	CAMK2A
650	CAMK2B
651	CAMK2D
652	CAMK2G
653	CAMK4
654	CAMKK1
655	CAMKK2
656	CAMLG
657	CAMP
658	CANX
659	CAP1
660	CAPN1
661	CAPN2
662	CAPN3
663	CAPNS1
664	CAPZB
665	CARD10
666	CARD11
667	CARD14
668	CARD16
669	CARD18
670	CARD6
671	CARD8
672	CARD9
673	CARHSP1
674	CARM1
675	CASK
676	CASKIN1
677	CASP1
678	CASP10
679	CASP2
680	CASP3
681	CASP4
682	CASP5
683	CASP6
684	CASP7
685	CASP8
686	CASP8AP2
687	CASP9
688	CASQ1
689	CASR
690	CAST
691	CAT
692	CAV1
693	CAV2
694	CAV3
695	CBFA2T2
696	CBFA2T3
697	CBFB
698	CBL
699	CBLB
700	CBLC
701	CBLL1
702	CBS
703	CBWD3
704	CBX1
705	CBX4
706	CBX5
707	CBY1
708	CC2D1A
709	CCAR1
710	CCBP2
711	CCDC40
712	CCDC62
713	CCK
714	CCKAR
715	CCKBR
716	CCL1
717	CCL11
718	CCL13
719	CCL14
720	CCL15
721	CCL16
722	CCL17
723	CCL18
724	CCL19
725	CCL2
726	CCL20
727	CCL21
728	CCL22
729	CCL23
730	CCL24
731	CCL25
732	CCL26
733	CCL27
734	CCL28
735	CCL3
736	CCL3L1
737	CCL3L3
738	CCL4
739	CCL4L1
740	CCL4L2
741	CCL5
742	CCL7
743	CCL8
744	CCM2
745	CCNA1
746	CCNA2
747	CCNB1
748	CCNB2
749	CCNB3
750	CCNC
751	CCND1
752	CCND2
753	CCND3
754	CCNE1
755	CCNE2
756	CCNG1
757	CCNG2
758	CCNH
759	CCNK
760	CCNL2
761	CCNO
762	CCNT1
763	CCNT2
764	CCR1
765	CCR10
766	CCR2
767	CCR3
768	CCR4
769	CCR5
770	CCR6
771	CCR7
772	CCR8
773	CCR9
774	CCS
775	CCT4
776	CD109
777	CD14
778	CD151
779	CD160
780	CD163
781	CD177
782	CD19
783	CD1A
784	CD1C
785	CD2
786	CD200R1
787	CD209
788	CD22
789	CD226
790	CD24
791	CD244
792	CD247
793	CD27
794	CD274
795	CD28
796	CD2AP
797	CD33
798	CD34
799	CD36
800	CD37
801	CD38
802	CD3D
803	CD3E
804	CD3G
805	CD4
806	CD40
807	CD40LG
808	CD44
809	CD46
810	CD47
811	CD48
812	CD5
813	CD55
814	CD58
815	CD59
816	CD6
817	CD63
818	CD69
819	CD70
820	CD72
821	CD74
822	CD79A
823	CD79B
824	CD80
825	CD81
826	CD82
827	CD83
828	CD86
829	CD8A
830	CD8B
831	CD9
832	CD97
833	CD99
834	CD99L2
835	CDC14A
836	CDC14B
837	CDC16
838	CDC20
839	CDC23
840	CDC25A
841	CDC25B
842	CDC25C
843	CDC26
844	CDC27
845	CDC34
846	CDC37
847	CDC42
848	CDC42BPA
849	CDC42SE1
850	CDC45L
851	CDC6
852	CDC7
853	CDC73
854	CDCA4
855	CDCA5
856	CDCA7
857	CDCA7L
858	CDCA8
859	CDH1
860	CDH11
861	CDH13
862	CDH17
863	CDH2
864	CDH4
865	CDH5
866	CDK1
867	CDK11A
868	CDK11B
869	CDK15
870	CDK16
871	CDK18
872	CDK19
873	CDK2
874	CDK2AP1
875	CDK3
876	CDK4
877	CDK5
878	CDK5R1
879	CDK5R2
880	CDK5RAP2
881	CDK5RAP3
882	CDK6
883	CDK7
884	CDK8
885	CDK9
886	CDKL1
887	CDKL3
888	CDKL5
889	CDKN1A
890	CDKN1B
891	CDKN1C
892	CDKN2A
893	CDKN2B
894	CDKN2C
895	CDKN2D
896	CDKN3
897	CDON
898	CDR1
899	CDR2
900	CDS1
901	CDT1
902	CDX1
903	CDX2
904	CDX4
905	CEACAM1
906	CEACAM5
907	CEACAM7
908	CEBPA
909	CEBPB
910	CEBPD
911	CEBPZ
912	CEL
913	CELA1
914	CELIAC2
915	CELP
916	CENPA
917	CENPB
918	CENPF
919	CENPJ
920	CEP110
921	CEP135
922	CEP152
923	CEP164
924	CEP250
925	CEP290
926	CEP55
927	CEP57
928	CEP63
929	CEP70
930	CEP72
931	CEP76
932	CEP78
933	CER1
934	CERK
935	CES1
936	CES2
937	CES3
938	CES4
939	CES7
940	CES8
941	CETN2
942	CETP
943	CFB
944	CFD
945	CFH
946	CFI
947	CFL1
948	CFL2
949	CFLAR
950	CFM1
951	CFM2
952	CFP
953	CFTR
954	CGA
955	CGB
956	CGN
957	CHAD
958	CHAF1A
959	CHAF1B
960	CHAT
961	CHD8
962	CHEK1
963	CHEK2
964	CHFR
965	CHGA
966	CHGB
967	CHI3L1
968	CHIA
969	CHIT1
970	CHKA
971	CHMP1A
972	CHMP1B
973	CHMP2A
974	CHMP2B
975	CHMP4A
976	CHMP4B
977	CHMP4C
978	CHMP5
979	CHMP6
980	CHN1
981	CHN2
982	CHP
983	CHP2
984	CHRD
985	CHRFAM7A
986	CHRM1
987	CHRM2
988	CHRM3
989	CHRM4
990	CHRM5
991	CHRNA1
992	CHRNA7
993	CHRNE
994	CHUK
995	CIAO1
996	CIAPIN1
997	CIDEA
998	CIITA
999	CILP
1000	CIR1
1001	CIRBP
1002	CISH
1003	CIT
1004	CITED1
1005	CITED2
1006	CKAP5
1007	CKB
1008	CKM
1009	CKS1A
1010	CKS1B
1011	CKS2
1012	CLASP1
1013	CLASRP
1014	CLCA1
1015	CLCA2
1016	CLCF1
1017	CLCN4
1018	CLDN1
1019	CLDN10
1020	CLDN11
1021	CLDN14
1022	CLDN15
1023	CLDN16
1024	CLDN17
1025	CLDN18
1026	CLDN19
1027	CLDN2
1028	CLDN20
1029	CLDN22
1030	CLDN23
1031	CLDN3
1032	CLDN4
1033	CLDN5
1034	CLDN6
1035	CLDN7
1036	CLDN8
1037	CLDN9
1038	CLEC3A
1039	CLEC4G
1040	CLEC7A
1041	CLIC1
1042	CLIC4
1043	CLIP1
1044	CLK1
1045	CLK2
1046	CLK3
1047	CLK4
1048	CLLU1
1049	CLLU1OS
1050	CLNS1A
1051	CLOCK
1052	CLP1
1053	CLSPN
1054	CLTA
1055	CLTB
1056	CLTC
1057	CLU
1058	CMA1
1059	CMM
1060	CMTM2
1061	CMTM3
1062	CMTM8
1063	CNGA1
1064	CNGA2
1065	CNGA3
1066	CNGB1
1067	CNGB3
1068	CNKSR1
1069	CNN1
1070	CNOT6
1071	CNR1
1072	CNR2
1073	CNTF
1074	CNTFR
1075	CNTN1
1076	CNTN2
1077	CNTNAP1
1078	CNTNAP2
1079	COBRA1
1080	COIL
1081	COL10A1
1082	COL11A1
1083	COL11A2
1084	COL15A1
1085	COL17A1
1086	COL18A1
1087	COL1A1
1088	COL1A2
1089	COL24A1
1090	COL2A1
1091	COL3A1
1092	COL4A1
1093	COL4A2
1094	COL4A3
1095	COL4A4
1096	COL4A6
1097	COL5A1
1098	COL5A2
1099	COL5A3
1100	COL6A1
1101	COL6A2
1102	COL6A3
1103	COL6A6
1104	COLEC12
1105	COMA
1106	COMMD1
1107	COMP
1108	COMT
1109	COP
1110	COPA
1111	COPD1
1112	COPD13
1113	COPD19
1114	COPS2
1115	COPS3
1116	COPS5
1117	COPS6
1118	CORIN
1119	CORT
1120	COX2
1121	COX5B
1122	CP
1123	CP1
1124	CP110
1125	CPB2
1126	CPE
1127	CPEB1
1128	CPLX1
1129	CPM
1130	CPS1
1131	CPSF1
1132	CPSF2
1133	CPSF3
1134	CPSF4
1135	CPSF7
1136	CPT1A
1137	CPT1B
1138	CPT1C
1139	CPT2
1140	CPVL
1141	CR1
1142	CR2
1143	CRADD
1144	CRB3
1145	CRCP
1146	CREB1
1147	CREB3
1148	CREB3L1
1149	CREB3L2
1150	CREB3L3
1151	CREB3L4
1152	CREB5
1153	CREBBP
1154	CREBZF
1155	CRELD1
1156	CREM
1157	CRH
1158	CRHBP
1159	CRHR1
1160	CRHR2
1161	CRIP1
1162	CRIP2
1163	CRIPAK
1164	CRIPT
1165	CRK
1166	CRKL
1167	CRLF1
1168	CRLF2
1169	CRP
1170	CRPP1
1171	CRTC1
1172	CRTC2
1173	CRX
1174	CRY1
1175	CRY2
1176	CRYAA
1177	CRYAB
1178	CRYBB2
1179	CRYZ
1180	CSAD
1181	CSAG2
1182	CSDA
1183	CSDC2
1184	CSDE1
1185	CSE
1186	CSE1L
1187	CSF1
1188	CSF1R
1189	CSF2
1190	CSF2RA
1191	CSF2RB
1192	CSF3
1193	CSF3R
1194	CSH1
1195	CSHL1
1196	CSK
1197	CSN1S1
1198	CSN2
1199	CSNK1A1
1200	CSNK1A1L
1201	CSNK1D
1202	CSNK1E
1203	CSNK1G1
1204	CSNK1G2
1205	CSNK1G3
1206	CSNK2A1
1207	CSNK2A2
1208	CSNK2B
1209	CSPG5
1210	CSRP1
1211	CSRP2
1212	CSRP3
1213	CST3
1214	CST6
1215	CSTF1
1216	CSTF2
1217	CSTF2T
1218	CSTF3
1219	CTAG1B
1220	CTBP1
1221	CTBP2
1222	CTCF
1223	CTDP1
1224	CTDSP1
1225	CTDSP2
1226	CTDSPL
1227	CTF1
1228	CTGF
1229	CTLA4
1230	CTNNA1
1231	CTNNA2
1232	CTNNA3
1233	CTNNB1
1234	CTNNBIP1
1235	CTNNBL1
1236	CTNND1
1237	CTNND2
1238	CTRC
1239	CTRL
1240	CTSB
1241	CTSD
1242	CTSG
1243	CTSH
1244	CTSK
1245	CTSL1
1246	CTSS
1247	CTTN
1248	CUBN
1249	CUEDC2
1250	CUL1
1251	CUL3
1252	CUL4A
1253	CUL5
1254	CUL7
1255	CUL9
1256	CUZD1
1257	CX3CL1
1258	CX3CR1
1259	CXCL1
1260	CXCL10
1261	CXCL11
1262	CXCL12
1263	CXCL13
1264	CXCL14
1265	CXCL16
1266	CXCL2
1267	CXCL3
1268	CXCL5
1269	CXCL6
1270	CXCL9
1271	CXCR1
1272	CXCR2
1273	CXCR3
1274	CXCR4
1275	CXCR5
1276	CXCR6
1277	CXCR7
1278	CXorf15
1279	CXXC1
1280	CXXC4
1281	CYBA
1282	CYBB
1283	CYCS
1284	CYFIP1
1285	CYFIP2
1286	CYLD
1287	CYP11A1
1288	CYP11B2
1289	CYP17A1
1290	CYP19A1
1291	CYP1A1
1292	CYP1A2
1293	CYP24A1
1294	CYP27A1
1295	CYP2B6
1296	CYP2C18
1297	CYP2C9
1298	CYP2D6
1299	CYP2E1
1300	CYP2J2
1301	CYP3A
1302	CYP3A4
1303	CYP4A11
1304	CYP4A22
1305	CYP7A1
1306	CYP7B1
1307	CYP8B1
1308	CYR61
1309	CYSLTR1
1310	CYSLTR2
1311	CYTH1
1312	CYTH2
1313	CYTH3
1314	CYTH4
1315	D4S234E
1316	DAAM1
1317	DAAM2
1318	DAB1
1319	DAB2
1320	DAB2IP
1321	DACH1
1322	DAG1
1323	DAK
1324	DAND5
1325	DAP3
1326	DAPK1
1327	DAPK2
1328	DAPK3
1329	DAPP1
1330	DARC
1331	DAXX
1332	DAZ1
1333	DAZAP1
1334	DBF4
1335	DBF4B
1336	DBH
1337	DBI
1338	DBNL
1339	DBP
1340	DBT
1341	DCAF7
1342	DCC
1343	DCK
1344	DCLK1
1345	DCLK2
1346	DCLRE1B
1347	DCLRE1C
1348	DCN
1349	DCP1A
1350	DCP1B
1351	DCT
1352	DCTN1
1353	DCTN2
1354	DCTN3
1355	DCTN4
1356	DCTN5
1357	DCTN6
1358	DCUN1D1
1359	DDAH2
1360	DDB1
1361	DDB2
1362	DDC
1363	DDHD1
1364	DDIT3
1365	DDIT4
1366	DDOST
1367	DDR1
1368	DDR2
1369	DDX1
1370	DDX17
1371	DDX18
1372	DDX19B
1373	DDX20
1374	DDX25
1375	DDX39A
1376	DDX3X
1377	DDX3Y
1378	DDX4
1379	DDX5
1380	DDX58
1381	DDX6
1382	DEAF1
1383	DEC1
1384	DECR1
1385	DEDD
1386	DEF6
1387	DEFA1
1388	DEFB1
1389	DEFB4
1390	DEK
1391	DEPDC6
1392	DES
1393	DEXI
1394	DFFA
1395	DFFB
1396	DGCR8
1397	DGKA
1398	DGKG
1399	DGKZ
1400	DGUOK
1401	DHFR
1402	DHH
1403	DHRS3
1404	DHX32
1405	DHX58
1406	DHX8
1407	DHX9
1408	DIABLO
1409	DIANPH
1410	DIAPH1
1411	DIAPH2
1412	DIAPH3
1413	DICER1
1414	DIRAS3
1415	DISC1
1416	DIXDC1
1417	DKC1
1418	DKK1
1419	DKK2
1420	DKK3
1421	DKK4
1422	DLAT
1423	DLC1
1424	DLD
1425	DLG1
1426	DLG2
1427	DLG3
1428	DLG4
1429	DLGAP1
1430	DLGAP5
1431	DLK1
1432	DLL1
1433	DLL3
1434	DLL4
1435	DLX3
1436	DLX4
1437	DLX5
1438	DMAP1
1439	DMBT1
1440	DMD
1441	DMP1
1442	DMPK
1443	DMTF1
1444	DNAH8
1445	DNAJA1
1446	DNAJA2
1447	DNAJA3
1448	DNAJB1
1449	DNAJB1P
1450	DNAJB2
1451	DNAJB4
1452	DNAJB6
1453	DNAJC15
1454	DNAJC3
1455	DNAJC5
1456	DNAJC7
1457	DNAL4
1458	DNM1
1459	DNM2
1460	DNMBP
1461	DNMT1
1462	DNMT3A
1463	DNMT3B
1464	DNMT3L
1465	DNTT
1466	DNTTIP1
1467	DOC2A
1468	DOCK1
1469	DOCK10
1470	DOCK11
1471	DOCK2
1472	DOCK6
1473	DOCK7
1474	DOCK9
1475	DOK1
1476	DOK2
1477	DOK3
1478	DOK4
1479	DOK5
1480	DOK6
1481	DOK7
1482	DPF2
1483	DPM3
1484	DPP10
1485	DPP4
1486	DPYSL2
1487	DRD1
1488	DRD2
1489	DRD3
1490	DRD4
1491	DRD5
1492	DSCAM
1493	DSG1
1494	DSP
1495	DSPP
1496	DST
1497	DSTN
1498	DTX1
1499	DTX2
1500	DTX3
1501	DTX3L
1502	DTX4
1503	DUOX1
1504	DUOX2
1505	DUSP1
1506	DUSP10
1507	DUSP14
1508	DUSP16
1509	DUSP18
1510	DUSP2
1511	DUSP26
1512	DUSP3
1513	DUSP4
1514	DUSP5
1515	DUSP6
1516	DUSP7
1517	DUSP8
1518	DUSP9
1519	DUT
1520	DVL1
1521	DVL1L1
1522	DVL2
1523	DVL3
1524	DYM
1525	DYNC1H1
1526	DYNC1I2
1527	DYNLL1
1528	DYNLL2
1529	DYNLT1
1530	DYRK1A
1531	DYRK1B
1532	DYRK2
1533	DYRK3
1534	DYRK4
1535	E2F1
1536	E2F2
1537	E2F3
1538	E2F4
1539	E2F5
1540	E2F6
1541	E2F7
1542	E2F8
1543	E4F1
1544	EAF2
1545	EBAG9
1546	EBF4
1547	EBI3
1548	EBNA1BP2
1549	EBP
1550	ECE1
1551	ECM1
1552	ECSIT
1553	ECT2
1554	EDF1
1555	EDIL3
1556	EDN1
1557	EDN2
1558	EDN3
1559	EDNRA
1560	EDNRB
1561	EEA1
1562	EED
1563	EEF1A1
1564	EEF1A2
1565	EEF1B2
1566	EEF1B3
1567	EEF1D
1568	EEF1G
1569	EEF2
1570	EEF2K
1571	EFEMP2
1572	EFNA1
1573	EFNA2
1574	EFNA3
1575	EFNA4
1576	EFNA5
1577	EFNB1
1578	EFNB2
1579	EFNB3
1580	EGF
1581	EGFR
1582	EGLN1
1583	EGLN2
1584	EGLN3
1585	EGR1
1586	EGR2
1587	EGR3
1588	EGR4
1589	EHD1
1590	EHD3
1591	EHF
1592	EHHADH
1593	EHMT1
1594	EHMT2
1595	EI24
1596	EID2
1597	EIF1
1598	EIF1AX
1599	EIF2A
1600	EIF2AK1
1601	EIF2AK2
1602	EIF2AK3
1603	EIF2B1
1604	EIF2B2
1605	EIF2B3
1606	EIF2B4
1607	EIF2B5
1608	EIF2S1
1609	EIF2S2
1610	EIF2S3
1611	EIF3A
1612	EIF3B
1613	EIF3C
1614	EIF3D
1615	EIF3E
1616	EIF3F
1617	EIF3G
1618	EIF3H
1619	EIF3I
1620	EIF3J
1621	EIF3K
1622	EIF3L
1623	EIF3M
1624	EIF4A1
1625	EIF4A2
1626	EIF4A3
1627	EIF4B
1628	EIF4E
1629	EIF4E1B
1630	EIF4E2
1631	EIF4EBP1
1632	EIF4EBP3
1633	EIF4ENIF1
1634	EIF4G1
1635	EIF4G2
1636	EIF4G3
1637	EIF4H
1638	EIF5
1639	EIF5A
1640	EIF5B
1641	EIF6
1642	ELANE
1643	ELAVL1
1644	ELF1
1645	ELF2
1646	ELF3
1647	ELF4
1648	ELK1
1649	ELK3
1650	ELK4
1651	ELL3
1652	ELMO1
1653	ELN
1654	ELP2
1655	ELSPBP1
1656	EMD
1657	ENAH
1658	ENG
1659	ENO1
1660	ENPEP
1661	ENPP1
1662	ENPP2
1663	ENTPD1
1664	EOMES
1665	EP300
1666	EP400
1667	EPAS1
1668	EPB41
1669	EPB41L1
1670	EPB41L2
1671	EPB41L3
1672	EPCAM
1673	EPD
1674	EPHA1
1675	EPHA2
1676	EPHA3
1677	EPHA4
1678	EPHA5
1679	EPHA6
1680	EPHA7
1681	EPHA8
1682	EPHB1
1683	EPHB2
1684	EPHB3
1685	EPHB4
1686	EPHB6
1687	EPHX1
1688	EPN1
1689	EPN2
1690	EPN3
1691	EPO
1692	EPOR
1693	EPPK1
1694	EPS15
1695	EPS15L1
1696	EPS8
1697	EPX
1698	ERAL1
1699	ERBB2
1700	ERBB2IP
1701	ERBB3
1702	ERBB4
1703	ERC1
1704	ERCC1
1705	ERCC2
1706	ERCC3
1707	ERCC4
1708	ERCC5
1709	ERCC6
1710	ERCC6L
1711	ERCC8
1712	EREG
1713	ERF
1714	ERN1
1715	ERP44
1716	ERRFI1
1717	ERVK2
1718	ERVK6
1719	ERVWE1
1720	ESAM
1721	ESAT
1722	ESM1
1723	ESPL1
1724	ESR1
1725	ESR2
1726	ESRRA
1727	ESRRG
1728	ETF1
1729	ETS1
1730	ETS2
1731	ETV1
1732	ETV3
1733	ETV4
1734	ETV5
1735	ETV6
1736	EVL
1737	EVPL
1738	EVX1
1739	EWSR1
1740	EXO1
1741	EXOC6B
1742	EXOC7
1743	EXOSC3
1744	EXOSC5
1745	EXOSC7
1746	EXTL3
1747	EYA2
1748	EZH1
1749	EZH2
1750	EZR
1751	F10
1752	F11
1753	F11R
1754	F12
1755	F13A1
1756	F13B
1757	F2
1758	F2R
1759	F2RL1
1760	F2RL2
1761	F2RL3
1762	F3
1763	F5
1764	F7
1765	F8
1766	F9
1767	FAAH
1768	FABP1
1769	FABP3
1770	FABP4
1771	FABP6
1772	FADD
1773	FADS2
1774	FAF1
1775	FAIM
1776	FAIM3
1777	FAM110A
1778	FAM110D
1779	FAM123B
1780	FAM125A
1781	FAM125B
1782	FAM49B
1783	FAM57A
1784	FAM58A
1785	FANCA
1786	FANCB
1787	FANCC
1788	FANCD2
1789	FANCE
1790	FANCF
1791	FANCG
1792	FANCI
1793	FANCL
1794	FANCM
1795	FAP
1796	FARP1
1797	FARP2
1798	FARS2
1799	FAS
1800	FASLG
1801	FASN
1802	FASTK
1803	FAT1
1804	FBL
1805	FBLIM1
1806	FBLN1
1807	FBLN5
1808	FBN1
1809	FBP1
1810	FBP2
1811	FBXL5
1812	FBXO11
1813	FBXO15
1814	FBXO2
1815	FBXO3
1816	FBXO31
1817	FBXO32
1818	FBXO42
1819	FBXO43
1820	FBXO45
1821	FBXO5
1822	FBXO6
1823	FBXO7
1824	FBXO8
1825	FBXW11
1826	FBXW5
1827	FBXW7
1828	FCAR
1829	FCER1A
1830	FCER1G
1831	FCER2
1832	FCGR1A
1833	FCGR2A
1834	FCGR2B
1835	FCGR2C
1836	FCGR3A
1837	FCGR3B
1838	FDPS
1839	FDX1
1840	FDXR
1841	FECH
1842	FEM1A
1843	FEN1
1844	FER
1845	FERMT1
1846	FERMT2
1847	FES
1848	FEV
1849	FGA
1850	FGB
1851	FGD1
1852	FGD3
1853	FGF1
1854	FGF10
1855	FGF11
1856	FGF12
1857	FGF13
1858	FGF14
1859	FGF16
1860	FGF17
1861	FGF18
1862	FGF19
1863	FGF2
1864	FGF20
1865	FGF21
1866	FGF22
1867	FGF23
1868	FGF3
1869	FGF4
1870	FGF5
1871	FGF6
1872	FGF7
1873	FGF8
1874	FGF9
1875	FGFBP1
1876	FGFR1
1877	FGFR1OP
1878	FGFR2
1879	FGFR3
1880	FGFR4
1881	FGG
1882	FGL1
1883	FGL2
1884	FGR
1885	FHL1
1886	FHL2
1887	FHL5
1888	FHOD1
1889	FIGF
1890	FIP1L1
1891	FKBP1A
1892	FKBP4
1893	FKBP5
1894	FKBP8
1895	FLI1
1896	FLII
1897	FLNA
1898	FLNB
1899	FLNC
1900	FLOT1
1901	FLOT2
1902	FLT1
1903	FLT3
1904	FLT3LG
1905	FLT4
1906	FMR1
1907	FN1
1908	FNBP1L
1909	FNIP1
1910	FNTA
1911	FOS
1912	FOSB
1913	FOSL1
1914	FOSL2
1915	FOXA1
1916	FOXA2
1917	FOXA3
1918	FOXC2
1919	FOXF1
1920	FOXG1
1921	FOXH1
1922	FOXL2
1923	FOXM1
1924	FOXN2
1925	FOXN3
1926	FOXO1
1927	FOXO3
1928	FOXO4
1929	FOXO6
1930	FOXP1
1931	FOXP3
1932	FPR1
1933	FPR2
1934	FRA16A
1935	FRA8B
1936	FRAT1
1937	FRAT2
1938	FRK
1939	FRS2
1940	FRS3
1941	FSHB
1942	FSHR
1943	FST
1944	FSTL1
1945	FSTL3
1946	FTH1
1947	FTL
1948	FUBP1
1949	FURIN
1950	FUS
1951	FUT1
1952	FXN
1953	FXR2
1954	FXYD2
1955	FXYD5
1956	FYB
1957	FYN
1958	FZD1
1959	FZD10
1960	FZD2
1961	FZD3
1962	FZD4
1963	FZD5
1964	FZD6
1965	FZD7
1966	FZD8
1967	FZD9
1968	FZR1
1969	G3BP1
1970	G6PC
1971	G6PC2
1972	G6PD
1973	GAA
1974	GAB1
1975	GAB2
1976	GABARAP
1977	GABARAPL1
1978	GABARAPL2
1979	GABARAPL3
1980	GABBR1
1981	GABBR2
1982	GABPA
1983	GABRA1
1984	GABRA2
1985	GABRA3
1986	GABRA4
1987	GABRA5
1988	GABRA6
1989	GABRQ
1990	GAD1
1991	GAD2
1992	GADD45A
1993	GADD45B
1994	GADD45G
1995	GADD45GIP1
1996	GAK
1997	GAL
1998	GALK1
1999	GALNS
2000	GALNT1
2001	GALP
2002	GALR1
2003	GALR2
2004	GALR3
2005	GAP43
2006	GAPDH
2007	GAPDHP1
2008	GAPVD1
2009	GAS1
2010	GAS2
2011	GAS6
2012	GAS7
2013	GAST
2014	GATA1
2015	GATA2
2016	GATA3
2017	GATA4
2018	GATA6
2019	GBF1
2020	GBP1
2021	GBP3
2022	GCC1
2023	GCET2
2024	GCG
2025	GCGR
2026	GCH1
2027	GCHFR
2028	GCK
2029	GCKR
2030	GCLC
2031	GCOM1
2032	GDAP1
2033	GDEP
2034	GDF11
2035	GDF15
2036	GDF2
2037	GDF5
2038	GDF6
2039	GDF7
2040	GDF9
2041	GDI1
2042	GDI2
2043	GDNF
2044	GEFT
2045	GEMIN5
2046	GEMIN6
2047	GEMIN7
2048	GER
2049	GFAP
2050	GFER
2051	GFI1
2052	GFPT1
2053	GFRA1
2054	GFRA2
2055	GFRA3
2056	GFRA4
2057	GGA3
2058	GGCX
2059	GH1
2060	GH2
2061	GHR
2062	GHRH
2063	GHRHR
2064	GHRL
2065	GHS
2066	GHSR
2067	GIP
2068	GIPC1
2069	GIPR
2070	GIT1
2071	GIT2
2072	GJA1
2073	GJD2
2074	GK
2075	GK2
2076	GLB1
2077	GLG1
2078	GLI1
2079	GLI2
2080	GLI3
2081	GLIS2
2082	GLMN
2083	GLP1R
2084	GLP2R
2085	GLRA1
2086	GLS
2087	GLTSCR2
2088	GMEB1
2089	GMFB
2090	GMNN
2091	GMPS
2092	GNA11
2093	GNA12
2094	GNA13
2095	GNA14
2096	GNA15
2097	GNAI1
2098	GNAI2
2099	GNAI3
2100	GNAL
2101	GNAO1
2102	GNAQ
2103	GNAS
2104	GNAT1
2105	GNAT2
2106	GNAZ
2107	GNB1
2108	GNB2
2109	GNB2L1
2110	GNB3
2111	GNB4
2112	GNB5
2113	GNG10
2114	GNG11
2115	GNG12
2116	GNG13
2117	GNG2
2118	GNG3
2119	GNG4
2120	GNG5
2121	GNG7
2122	GNG8
2123	GNGT1
2124	GNGT2
2125	GNL1
2126	GNL3
2127	GNLY
2128	GNPDA1
2129	GNRH1
2130	GNRH2
2131	GNRHR
2132	GNRHR2
2133	GNS
2134	GOLGA2
2135	GOLGA4
2136	GOLM1
2137	GORASP1
2138	GORASP2
2139	GOSR1
2140	GP1BA
2141	GP1BB
2142	GP2
2143	GP5
2144	GP6
2145	GP9
2146	GPA33
2147	GPAM
2148	GPBAR1
2149	GPBP1
2150	GPBP1L1
2151	GPC1
2152	GPC3
2153	GPD1L
2154	GPER
2155	GPHA2
2156	GPHB5
2157	GPHN
2158	GPI
2159	GPIHBP1
2160	GPLD1
2161	GPM6A
2162	GPR1
2163	GPR119
2164	GPR132
2165	GPR135
2166	GPR151
2167	GPR160
2168	GPR161
2169	GPR172A
2170	GPR172B
2171	GPR182
2172	GPR26
2173	GPR37
2174	GPR44
2175	GPR56
2176	GPR77
2177	GPX1
2178	GPX2
2179	GPX3
2180	GRAMD4
2181	GRAP
2182	GRAP2
2183	GRASP
2184	GRB10
2185	GRB14
2186	GRB2
2187	GRB7
2188	GREB1
2189	GREM1
2190	GRHL1
2191	GRHL3
2192	GRIA1
2193	GRIA2
2194	GRIK1
2195	GRIN1
2196	GRIN2A
2197	GRIN2B
2198	GRIN2C
2199	GRIN2D
2200	GRIP1
2201	GRK1
2202	GRK4
2203	GRK5
2204	GRK6
2205	GRK7
2206	GRLF1
2207	GRM1
2208	GRM4
2209	GRM5
2210	GRM7
2211	GRN
2212	GRP
2213	GRPR
2214	GSC
2215	GSG2
2216	GSK1
2217	GSK3A
2218	GSK3B
2219	GSN
2220	GSPT1
2221	GSR
2222	GSS
2223	GSTA2
2224	GSTM1
2225	GSTM2
2226	GSTP1
2227	GTF2A1
2228	GTF2A2
2229	GTF2B
2230	GTF2E1
2231	GTF2E2
2232	GTF2F1
2233	GTF2F2
2234	GTF2H1
2235	GTF2H2
2236	GTF2H3
2237	GTF2H4
2238	GTF2I
2239	GTF2IRD2
2240	GTF3A
2241	GTF3C1
2242	GTF3C3
2243	GTPBP1
2244	GTSE1
2245	GUCA1A
2246	GUCA1B
2247	GUCA1C
2248	GUCA2A
2249	GUCA2B
2250	GUCY1A2
2251	GUCY1A3
2252	GUCY1B3
2253	GUCY2C
2254	GUCY2D
2255	GUCY2F
2256	GULP1
2257	GYPA
2258	GYS1
2259	GYS2
2260	GZMA
2261	GZMB
2262	GZMH
2263	GZMM
2264	H19
2265	H2AFX
2266	H2AFY
2267	H2AFZ
2268	H3F3A
2269	H3F3B
2270	HABP2
2271	HADH
2272	HADHB
2273	HAGH
2274	HAMP
2275	HAND1
2276	HAND2
2277	HAPLN1
2278	HAS1
2279	HAS2
2280	HAT1
2281	HAUS2
2282	HAVCR1
2283	HAX1
2284	HBA1
2285	HBA2
2286	HBB
2287	HBEGF
2288	HBG2
2289	HBP1
2290	HBXIP
2291	HCFC1
2292	HCK
2293	HCLS1
2294	HCN2
2295	HCRT
2296	HCRTR1
2297	HCRTR2
2298	HCST
2299	HDAC1
2300	HDAC10
2301	HDAC11
2302	HDAC2
2303	HDAC3
2304	HDAC4
2305	HDAC5
2306	HDAC6
2307	HDAC7
2308	HDAC8
2309	HDAC9
2310	HDC
2311	HDDC2
2312	HDGF
2313	HDLBP
2314	HDLCQ5
2315	HECA
2316	HECTD3
2317	HECW1
2318	HELLS
2319	HEPACAM
2320	HERC2
2321	HERPUD1
2322	HERPUD2
2323	HES1
2324	HES5
2325	HES6
2326	HES7
2327	HEXIM1
2328	HEY1
2329	HEY2
2330	HFE
2331	HFE2
2332	HGF
2333	HGFAC
2334	HGS
2335	HHAT
2336	HHCM
2337	HHIP
2338	HIC1
2339	HIF1A
2340	HIF1AN
2341	HINFP
2342	HINT1
2343	HIP1
2344	HIPK1
2345	HIPK2
2346	HIPK4
2347	HIRIP3
2348	HIST1H1B
2349	HIST1H1E
2350	HIST1H2BA
2351	HIST2H2AA3
2352	HIST2H2AC
2353	HIST2H2BE
2354	HIST2H3C
2355	HIST2H4A
2356	HIST3H3
2357	HIST4H4
2358	HIVEP1
2359	HIVEP2
2360	HIVEP3
2361	HK1
2362	HK2
2363	HLA-A
2364	HLA-B
2365	HLA-C
2366	HLA-DMA
2367	HLA-DMB
2368	HLA-DOA
2369	HLA-DOB
2370	HLA-DPA1
2371	HLA-DPB1
2372	HLA-DQA1
2373	HLA-DQA2
2374	HLA-DQB1
2375	HLA-DRA
2376	HLA-DRB1
2377	HLA-DRB3
2378	HLA-DRB4
2379	HLA-DRB5
2380	HLA-E
2381	HLA-F
2382	HLA-G
2383	HLCS
2384	HLF
2385	HLX
2386	HM13
2387	HMBOX1
2388	HMBS
2389	HMG20B
2390	HMGA1
2391	HMGA2
2392	HMGB1
2393	HMGB2
2394	HMGCR
2395	HMGCS1
2396	HMGCS2
2397	HMGN1
2398	HMGN3
2399	HMHA1
2400	HMMR
2401	HMOX1
2402	HMOX2
2403	HN1L
2404	HNF1A
2405	HNF1B
2406	HNF4A
2407	HNRNPA1
2408	HNRNPA2B1
2409	HNRNPC
2410	HNRNPD
2411	HNRNPH3
2412	HNRNPK
2413	HNRNPR
2414	HNRNPU
2415	HNRNPUL1
2416	HNRPA1L3
2417	HOMER2
2418	HOMER3
2419	HOXA10
2420	HOXA4
2421	HOXA5
2422	HOXA7
2423	HOXA9
2424	HOXB13
2425	HOXB4
2426	HOXB7
2427	HOXB9
2428	HOXC8
2429	HOXD9
2430	HP
2431	HPCA
2432	HPCX
2433	HPGD
2434	HPGDS
2435	HPN
2436	HPSE
2437	HPX
2438	HR
2439	HRAS
2440	HRG
2441	HRH1
2442	HRH2
2443	HRH3
2444	HRH4
2445	HRK
2446	HRPT1
2447	hsa4687g
2448	HSAJ2425
2449	HSBP1
2450	HSD11B1
2451	HSD17B10
2452	HSD17B2
2453	HSD17B4
2454	HSD3B2
2455	HSF1
2456	HSF2
2457	HSFX1
2458	HSFY1
2459	HSP90AA1
2460	HSP90AA4P
2461	HSP90AB1
2462	HSP90B1
2463	HSPA1A
2464	HSPA1B
2465	HSPA1L
2466	HSPA2
2467	HSPA4
2468	HSPA5
2469	HSPA6
2470	HSPA8
2471	HSPA9
2472	HSPB1
2473	HSPB2
2474	HSPB6
2475	HSPBP1
2476	HSPD1
2477	HSPE1
2478	HSPG2
2479	HTATIP2
2480	HTATSF1
2481	HTR1A
2482	HTR1B
2483	HTR1D
2484	HTR1E
2485	HTR1F
2486	HTR2A
2487	HTR2B
2488	HTR2C
2489	HTR3A
2490	HTR4
2491	HTR5A
2492	HTR5B
2493	HTR6
2494	HTR7
2495	HTRA2
2496	HTT
2497	HUNK
2498	HUS1
2499	HUWE1
2500	HVBS6
2501	HVBS7
2502	HVBS8
2503	HVCN1
2504	HYAL1
2505	HYAL2
2506	IAPP
2507	IBSP
2508	IBTK
2509	ICAM1
2510	ICAM2
2511	ICAM3
2512	ICAM4
2513	ICAM5
2514	ICK
2515	ICOS
2516	ICOSLG
2517	ID1
2518	ID2
2519	ID3
2520	ID4
2521	IDDM2
2522	IDE
2523	IDO1
2524	IDS
2525	IER3
2526	IFI16
2527	IFI27
2528	IFI44
2529	IFI6
2530	IFIH1
2531	IFIT3
2532	IFITM1
2533	IFNA1
2534	IFNA10
2535	IFNA13
2536	IFNA14
2537	IFNA16
2538	IFNA17
2539	IFNA2
2540	IFNA21
2541	IFNA4
2542	IFNA5
2543	IFNA6
2544	IFNA7
2545	IFNA8
2546	IFNAR1
2547	IFNAR2
2548	IFNB1
2549	IFNE
2550	IFNG
2551	IFNGR1
2552	IFNGR2
2553	IFNK
2554	IFNW1
2555	IFRD1
2556	IFT172
2557	IFT88
2558	IGAN
2559	IGBP1
2560	IGF1
2561	IGF1R
2562	IGF2
2563	IGF2BP1
2564	IGF2BP3
2565	IGF2R
2566	IGFALS
2567	IGFBP1
2568	IGFBP2
2569	IGFBP3
2570	IGFBP4
2571	IGFBP5
2572	IGFBP7
2573	IGHA1
2574	IGHD2-15
2575	IGHE
2576	IGHG1
2577	IGHG3
2578	IGHM
2579	IGKV1-17
2580	IGKV1-6
2581	IGKV5-2
2582	IGL@
2583	IGLL2
2584	IGSF5
2585	IGSF8
2586	IHH
2587	IHPK2
2588	IK
2589	IKBKAP
2590	IKBKB
2591	IKBKE
2592	IKBKG
2593	IKZF1
2594	IKZF2
2595	IKZF3
2596	IL10
2597	IL10RA
2598	IL10RB
2599	IL11
2600	IL11RA
2601	IL12A
2602	IL12B
2603	IL12RB1
2604	IL12RB2
2605	IL13
2606	IL13RA1
2607	IL13RA2
2608	IL15
2609	IL15RA
2610	IL16
2611	IL17A
2612	IL17D
2613	IL17F
2614	IL17RA
2615	IL17RD
2616	IL18
2617	IL18BP
2618	IL18R1
2619	IL18RAP
2620	IL19
2621	IL1A
2622	IL1B
2623	IL1R1
2624	IL1R2
2625	IL1RAP
2626	IL1RAPL1
2627	IL1RN
2628	IL2
2629	IL20
2630	IL20RA
2631	IL20RB
2632	IL21
2633	IL21R
2634	IL22
2635	IL22RA1
2636	IL22RA2
2637	IL23A
2638	IL23R
2639	IL24
2640	IL27
2641	IL27RA
2642	IL28A
2643	IL28B
2644	IL28RA
2645	IL29
2646	IL2RA
2647	IL2RB
2648	IL2RG
2649	IL3
2650	IL31
2651	IL31RA
2652	IL32
2653	IL3RA
2654	IL4
2655	IL4I1
2656	IL4R
2657	IL5
2658	IL5RA
2659	IL6
2660	IL6R
2661	IL6ST
2662	IL7
2663	IL7R
2664	IL8
2665	IL9
2666	IL9R
2667	ILF3
2668	ILK
2669	ILKAP
2670	IMPA1
2671	INADL
2672	INCENP
2673	ING1
2674	ING2
2675	ING5
2676	INGX
2677	INHA
2678	INHBA
2679	INHBB
2680	INHBC
2681	INHBE
2682	INPP5A
2683	INPP5D
2684	INPP5J
2685	INPP5K
2686	INPPL1
2687	INS
2688	INSIG1
2689	INSL3
2690	INSL5
2691	INSR
2692	INSRR
2693	INTS12
2694	INTS3
2695	INTS6
2696	IPCEF1
2697	IPS
2698	IQCB1
2699	IQGAP1
2700	IQGAP2
2701	IQGAP3
2702	IQSEC1
2703	IRAK1
2704	IRAK1BP1
2705	IRAK2
2706	IRAK3
2707	IRAK4
2708	IREB2
2709	IRF1
2710	IRF2
2711	IRF2BP1
2712	IRF3
2713	IRF4
2714	IRF5
2715	IRF6
2716	IRF7
2717	IRF8
2718	IRF9
2719	IRS1
2720	IRS2
2721	IRS4
2722	ISG15
2723	ISG20
2724	ISL1
2725	ISYNA1
2726	ITCH
2727	ITGA1
2728	ITGA10
2729	ITGA11
2730	ITGA2
2731	ITGA2B
2732	ITGA3
2733	ITGA4
2734	ITGA5
2735	ITGA6
2736	ITGA7
2737	ITGA8
2738	ITGA9
2739	ITGAD
2740	ITGAE
2741	ITGAL
2742	ITGAM
2743	ITGAV
2744	ITGAX
2745	ITGB1
2746	ITGB2
2747	ITGB3
2748	ITGB3BP
2749	ITGB4
2750	ITGB5
2751	ITGB6
2752	ITGB7
2753	ITGB8
2754	ITK
2755	ITM2B
2756	ITPR1
2757	ITPR2
2758	ITPR3
2759	ITSN1
2760	ITSN2
2761	IV
2762	IVL
2763	JAG1
2764	JAG2
2765	JAK1
2766	JAK2
2767	JAK3
2768	JAKMIP1
2769	JAKMIP2
2770	JAM2
2771	JAM3
2772	JARID2
2773	JDP2
2774	JMJD6
2775	JMJD7-PLA2G4B
2776	JMY
2777	JUB
2778	JUN
2779	JUNB
2780	JUND
2781	JUP
2782	KALRN
2783	KAT2A
2784	KAT2B
2785	KAT5
2786	KCNA1
2787	KCNA2
2788	KCND1
2789	KCND2
2790	KCNE4
2791	KCNH1
2792	KCNH2
2793	KCNIP1
2794	KCNIP2
2795	KCNIP3
2796	KCNIP4
2797	KCNJ1
2798	KCNJ10
2799	KCNJ11
2800	KCNJ2
2801	KCNJ3
2802	KCNJ4
2803	KCNK3
2804	KCNK5
2805	KCNN1
2806	KCNN4
2807	KCNQ1
2808	KCNQ1OT1
2809	KDELR1
2810	KDELR2
2811	KDELR3
2812	KDM1A
2813	KDM3A
2814	KDM4A
2815	KDM4C
2816	KDM5C
2817	KDM5D
2818	KDR
2819	KEAP1
2820	KHDRBS1
2821	KHDRBS2
2822	KHSRP
2823	KIAA0101
2824	KIAA0652
2825	KIAA1524
2826	KIAA1704
2827	KIAA1967
2828	KIDINS220
2829	KIF11
2830	KIF12
2831	KIF13B
2832	KIF15
2833	KIF17
2834	KIF20A
2835	KIF23
2836	KIF2A
2837	KIF2C
2838	KIF3A
2839	KIFAP3
2840	KIR2DL1
2841	KIR2DL2
2842	KIR2DL3
2843	KIR2DL4
2844	KIR2DL5A
2845	KIR2DS1
2846	KIR2DS2
2847	KIR2DS3
2848	KIR2DS4
2849	KIR2DS5
2850	KIR3DL1
2851	KIR3DL2
2852	KIR3DL3
2853	KIR3DS1
2854	KIRREL
2855	KIT
2856	KITLG
2857	KL
2858	KLC1
2859	KLF1
2860	KLF10
2861	KLF11
2862	KLF13
2863	KLF2
2864	KLF3
2865	KLF4
2866	KLF5
2867	KLF6
2868	KLF8
2869	KLHL20
2870	KLHL25
2871	KLK1
2872	KLK2
2873	KLK3
2874	KLK4
2875	KLK6
2876	KLKB1
2877	KLRC1
2878	KLRC2
2879	KLRC3
2880	KLRC4
2881	KLRD1
2882	KLRG1
2883	KLRK1
2884	KNG1
2885	KPNA1
2886	KPNA2
2887	KPNA3
2888	KPNA6
2889	KPNB1
2890	KRAS
2891	KREMEN1
2892	KREMEN2
2893	KRIT1
2894	KRT1
2895	KRT14
2896	KRT16
2897	KRT17
2898	KRT18
2899	KRT19
2900	KRT5
2901	KRT7
2902	KRT8
2903	KSR1
2904	KSR2
2905	KTN1
2906	L1CAM
2907	LAMA1
2908	LAMA2
2909	LAMA3
2910	LAMA4
2911	LAMA5
2912	LAMB1
2913	LAMB2
2914	LAMB3
2915	LAMB4
2916	LAMC1
2917	LAMC2
2918	LAMC3
2919	LAMP1
2920	LAPTM5
2921	LARGE
2922	LARP1
2923	LARP6
2924	LAS1L
2925	LASP1
2926	LAT
2927	LAT2
2928	LATS1
2929	LATS2
2930	LAX1
2931	LAYN
2932	LBP
2933	LBR
2934	LCAT
2935	LCE1E
2936	LCK
2937	LCN2
2938	LCP1
2939	LCP2
2940	LDB1
2941	LDHA
2942	LDLR
2943	LDLRAP1
2944	LDOC1
2945	LECT2
2946	LEF1
2947	LEFTY1
2948	LEFTY2
2949	LEP
2950	LEPR
2951	LETMD1
2952	LFNG
2953	LGALS1
2954	LGALS3
2955	LGALS3BP
2956	LGALS7
2957	LGALS8
2958	LGALS9
2959	LGI1
2960	LGI3
2961	LGMN
2962	LGR4
2963	LGV1
2964	LHB
2965	LHCGR
2966	LHX3
2967	LIF
2968	LIFR
2969	LIG1
2970	LIG3
2971	LIG4
2972	LILRA2
2973	LILRB1
2974	LILRB3
2975	LILRB4
2976	LIMA1
2977	LIME1
2978	LIMK1
2979	LIMK2
2980	LIMS1
2981	LIMS2
2982	LIN28
2983	LIN28B
2984	LIN7A
2985	LINGO1
2986	LIPC
2987	LIPE
2988	LIPF
2989	LIPG
2990	LIPH
2991	LITAF
2992	LLGL1
2993	LMLN
2994	LMNA
2995	LMNB1
2996	LMNB2
2997	LMO4
2998	LMO7
2999	LMOD1
3000	LMTK2
3001	LNCR1
3002	LNPEP
3003	LOC100290337
3004	LOC100291837
3005	LOC646048
3006	LOC646821
3007	LOC650621
3008	LOC651610
3009	LOC652346
3010	LOC652614
3011	LOC652671
3012	LOC652799
3013	LOC653888
3014	LOC728622
3015	LOC729991-MEF2B
3016	LOC731751
3017	LOC93202
3018	LOX
3019	LOXHD1
3020	LPA
3021	LPAR2
3022	LPAR3
3023	LPAR4
3024	LPCAT1
3025	LPCAT4
3026	LPGP1
3027	LPHN1
3028	LPIN1
3029	LPIN2
3030	LPL
3031	LPP
3032	LPXN
3033	LRBA
3034	LRDD
3035	LRIG1
3036	LRP1
3037	LRP11
3038	LRP2
3039	LRP5
3040	LRP6
3041	LRP8
3042	LRPAP1
3043	LRPPRC
3044	LRRC32
3045	LRRFIP1
3046	LSP1
3047	LSR
3048	LTA
3049	LTB
3050	LTB4R
3051	LTB4R2
3052	LTBP1
3053	LTBR
3054	LTF
3055	LTK
3056	LUC7L2
3057	LUZP1
3058	LXN
3059	LY9
3060	LY96
3061	LYL1
3062	LYN
3063	LYPLA1
3064	LYPLAL1
3065	LYZ
3066	LZTFL1
3067	LZTS1
3068	MACF1
3069	MACROD1
3070	MAD1L1
3071	MAD2L1
3072	MAD2L2
3073	MADCAM1
3074	MADD
3075	MAF
3076	MAF1
3077	MAFA
3078	MAFB
3079	MAFG
3080	MAGEA1
3081	MAGEA12
3082	MAGEA2B
3083	MAGEA6
3084	MAGEA9
3085	MAGEB6
3086	MAGED1
3087	MAGEE1
3088	MAGI1
3089	MAGI2
3090	MAGI3
3091	MAGOH
3092	MAK
3093	MALS
3094	MALT1
3095	MAML1
3096	MAML2
3097	MAML3
3098	MAOA
3099	MAOB
3100	MAP1A
3101	MAP1B
3102	MAP2
3103	MAP2K1
3104	MAP2K2
3105	MAP2K3
3106	MAP2K4
3107	MAP2K5
3108	MAP2K6
3109	MAP2K7
3110	MAP3K1
3111	MAP3K10
3112	MAP3K11
3113	MAP3K12
3114	MAP3K13
3115	MAP3K14
3116	MAP3K19
3117	MAP3K2
3118	MAP3K3
3119	MAP3K4
3120	MAP3K5
3121	MAP3K6
3122	MAP3K7
3123	MAP3K7CL
3124	MAP3K7IP1
3125	MAP3K7IP2
3126	MAP3K7IP3
3127	MAP3K8
3128	MAP3K9
3129	MAP4
3130	MAP4K1
3131	MAP4K2
3132	MAP4K3
3133	MAP4K4
3134	MAP4K5
3135	MAPK1
3136	MAPK10
3137	MAPK11
3138	MAPK12
3139	MAPK13
3140	MAPK14
3141	MAPK15
3142	MAPK3
3143	MAPK4
3144	MAPK6
3145	MAPK7
3146	MAPK8
3147	MAPK8IP1
3148	MAPK8IP2
3149	MAPK8IP3
3150	MAPK9
3151	MAPKAP1
3152	MAPKAPK2
3153	MAPKAPK3
3154	MAPKAPK5
3155	MAPKSP1
3156	MAPRE1
3157	MAPT
3158	MARCH2
3159	MARCKS
3160	MARCKSL1
3161	MARK2
3162	MARK3
3163	MARK4
3164	MAS1
3165	MASP1
3166	MASP2
3167	MAST1
3168	MAST2
3169	MAT2A
3170	MATK
3171	MATN3
3172	MATR3
3173	MAVS
3174	MAX
3175	MAZ
3176	MBD2
3177	MBD3
3178	MBD4
3179	MBL2
3180	MBNL1
3181	MBNL3
3182	MBP
3183	MBTPS1
3184	MBTPS2
3185	MC1R
3186	MC2R
3187	MC3R
3188	MC4R
3189	MC5R
3190	MCAM
3191	MCC
3192	MCF2
3193	MCF2L
3194	MCHR1
3195	MCHR2
3196	MCL1
3197	MCM2
3198	MCM3
3199	MCM3AP
3200	MCM4
3201	MCM5
3202	MCM6
3203	MCM7
3204	MCM9
3205	MDC1
3206	MDD1
3207	MDDC
3208	MDFI
3209	MDGA1
3210	MDK
3211	MDM1
3212	MDM2
3213	MDM4
3214	ME1
3215	MECOM
3216	MED1
3217	MED12
3218	MED13L
3219	MED14
3220	MED15
3221	MED28
3222	MEF2A
3223	MEF2C
3224	MEF2D
3225	MEFV
3226	MEG3
3227	MEGF8
3228	MEHMO
3229	MEIS1
3230	MEMO1
3231	MEN1
3232	MEOX1
3233	MEOX2
3234	MERTK
3235	MET
3236	METTL1
3237	METTL3
3238	MFAP5
3239	MFGE8
3240	MFN1
3241	MFN2
3242	MFNG
3243	MGAT3
3244	MGC29506
3245	MGMT
3246	MGP
3247	MIA
3248	MICA
3249	MICB
3250	MICC
3251	MIF
3252	MINA
3253	MINK1
3254	MIR101-1
3255	MIR107
3256	MIR145
3257	MIR146A
3258	MIR153-1
3259	MIR184
3260	MIR21
3261	MIR22
3262	MIR221
3263	MIR31
3264	MIR7-1
3265	MIR93
3266	MIS18BP1
3267	MISP
3268	MITF
3269	MKL1
3270	MKNK1
3271	MKNK2
3272	MKS1
3273	MLANA
3274	MLC1
3275	MLF1IP
3276	MLF2
3277	MLH1
3278	MLL
3279	MLLT10
3280	MLLT4
3281	MLST8
3282	MLX
3283	MLXIPL
3284	MME
3285	MMP1
3286	MMP11
3287	MMP12
3288	MMP13
3289	MMP14
3290	MMP16
3291	MMP17
3292	MMP2
3293	MMP20
3294	MMP24
3295	MMP26
3296	MMP3
3297	MMP7
3298	MMP8
3299	MMP9
3300	MMRN1
3301	MMS19
3302	MN1
3303	MNAT1
3304	MNX1
3305	MOAP1
3306	MOBKL3
3307	MOBP
3308	MOG
3309	MON1B
3310	MORC3
3311	MORF4
3312	MORF4L1
3313	MOS
3314	MPDZ
3315	MPG
3316	MPL
3317	MPO
3318	MPP5
3319	MPRIP
3320	MPZ
3321	MPZL1
3322	MRAS
3323	MRC2
3324	MRE11A
3325	MRGPRX2
3326	MRGPRX3
3327	MRPL11
3328	MRPL18
3329	MRPS7
3330	MRVI1
3331	MS
3332	MS4A2
3333	MSANTD2
3334	MSC
3335	MSH2
3336	MSLN
3337	MSN
3338	MSR1
3339	MST1
3340	MST1R
3341	MSTN
3342	MSX1
3343	MT1G
3344	MT2A
3345	MT3
3346	MTA1
3347	MTA2
3348	MTA3
3349	MTBP
3350	MTCP1
3351	MTDH
3352	MTF2
3353	MTG1
3354	MTIF2
3355	MTMR12
3356	MTMR6
3357	MTOR
3358	MTSS1
3359	MTTP
3360	MTUS1
3361	MUC1
3362	MUC2
3363	MUC20
3364	MUC3A
3365	MUC4
3366	MUC5AC
3367	MUC6
3368	MUC8
3369	MUS81
3370	MUSK
3371	MVP
3372	MX1
3373	MX2
3374	MXD1
3375	MXD4
3376	MXI1
3377	MYAS1
3378	MYB
3379	MYBL1
3380	MYBL2
3381	MYBPC3
3382	MYC
3383	MYCBP
3384	MYCBP2
3385	MYCN
3386	MYCT1
3387	MYD88
3388	MYEF2
3389	MYEOV
3390	MYEOV2
3391	MYF5
3392	MYF6
3393	MYH1
3394	MYH10
3395	MYH11
3396	MYH13
3397	MYH14
3398	MYH15
3399	MYH2
3400	MYH3
3401	MYH4
3402	MYH6
3403	MYH7
3404	MYH7B
3405	MYH8
3406	MYH9
3407	MYL1
3408	MYL10
3409	MYL12A
3410	MYL12B
3411	MYL2
3412	MYL3
3413	MYL4
3414	MYL5
3415	MYL6B
3416	MYL7
3417	MYL9
3418	MYLK
3419	MYLK2
3420	MYLK3
3421	MYLPF
3422	MYO1F
3423	MYO3A
3424	MYO5B
3425	MYO5C
3426	MYO6
3427	MYO9A
3428	MYO9B
3429	MYOC
3430	MYOCD
3431	MYOD1
3432	MYOG
3433	MYOM1
3434	MYOM2
3435	MYP3
3436	MYRF
3437	MYRIP
3438	MYST1
3439	MYST2
3440	MYST3
3441	MYT1
3442	MZF1
3443	N4BP1
3444	NAA10
3445	NAA16
3446	NAB2
3447	NABP1
3448	NACC1
3449	NACC2
3450	NADK
3451	NAE1
3452	NAGPA
3453	NAIP
3454	NAMPT
3455	NANOG
3456	NANOS1
3457	NAP1L1
3458	NARS
3459	NASP
3460	NBN
3461	NCALD
3462	NCAM1
3463	NCAM2
3464	NCAPD2
3465	NCAPD3
3466	NCAPG
3467	NCAPH
3468	NCBP1
3469	NCBP2
3470	NCF1
3471	NCF1C
3472	NCF2
3473	NCF4
3474	NCK1
3475	NCK2
3476	NCKAP1
3477	NCKAP1L
3478	NCKIPSD
3479	NCL
3480	NCOA1
3481	NCOA2
3482	NCOA3
3483	NCOA4
3484	NCOA6
3485	NCOA7
3486	NCOR1
3487	NCOR2
3488	NCR1
3489	NCR2
3490	NCR3
3491	NCRUPAR
3492	NCSTN
3493	NDC80
3494	NDE1
3495	NDEL1
3496	NDN
3497	NDP
3498	NDRG1
3499	NDRG2
3500	NDRG4
3501	NDUFA13
3502	NDUFAF2
3503	NDUFB2
3504	NDUFB4
3505	NDUFB9
3506	NDUFS1
3507	NDUFS2
3508	NDUFV3
3509	NEB
3510	NEDD1
3511	NEDD4
3512	NEDD4L
3513	NEDD8
3514	NEDD9
3515	NEFH
3516	NEFL
3517	NEFM
3518	NEIL1
3519	NEIL2
3520	NEK1
3521	NEK10
3522	NEK11
3523	NEK2
3524	NEK3
3525	NEK4
3526	NEK6
3527	NEK7
3528	NEK8
3529	NEK9
3530	NELL1
3531	NELL2
3532	NEO1
3533	NES
3534	NET1
3535	NEU3
3536	NEUROD1
3537	NEUROD4
3538	NEUROG1
3539	NEUROG3
3540	NEXN
3541	NF1
3542	NF2
3543	NFAM1
3544	NFASC
3545	NFAT5
3546	NFATC1
3547	NFATC2
3548	NFATC3
3549	NFATC4
3550	NFE2
3551	NFE2L2
3552	NFIA
3553	NFIB
3554	NFIC
3555	NFIL3
3556	NFIX
3557	NFKB1
3558	NFKB2
3559	NFKBIA
3560	NFKBIB
3561	NFKBIE
3562	NFYA
3563	NFYB
3564	NFYC
3565	NGEF
3566	NGF
3567	NGFR
3568	NGFRAP1
3569	NHEJ1
3570	NHP2
3571	NID1
3572	NIM1
3573	NINL
3574	NIPBL
3575	NISCH
3576	NKD1
3577	NKD2
3578	NKIRAS1
3579	NKIRAS2
3580	NKRF
3581	NKX2-1
3582	NKX2-2
3583	NKX2-5
3584	NKX3-1
3585	NLGN1
3586	NLGN2
3587	NLGN3
3588	NLGN4X
3589	NLK
3590	NLRC4
3591	NLRP1
3592	NLRP3
3593	NLRP4
3594	NLRP6
3595	NLRX1
3596	NM
3597	NMB
3598	NMBR
3599	NME1
3600	NME2
3601	NME2P1
3602	NME3
3603	NMI
3604	NMNAT1
3605	NMRAL1
3606	NMT1
3607	NOC2L
3608	NOC4L
3609	NOD1
3610	NOD2
3611	NODAL
3612	NOG
3613	NOL3
3614	NOL7
3615	NONO
3616	NOP2
3617	NOS1
3618	NOS2
3619	NOS3
3620	NOSTRIN
3621	NOTCH1
3622	NOTCH2
3623	NOTCH2NL
3624	NOTCH3
3625	NOTCH4
3626	NOV
3627	NOX1
3628	NOX3
3629	NOX4
3630	NOXA1
3631	NPAS2
3632	NPAT
3633	NPC1
3634	NPFF
3635	NPFFR1
3636	NPFFR2
3637	NPHS1
3638	NPHS2
3639	NPM1
3640	NPNT
3641	NPPA
3642	NPPB
3643	NPPC
3644	NPR1
3645	NPR2
3646	NPR3
3647	NPVF
3648	NPY
3649	NPY1R
3650	NPY2R
3651	NPY5R
3652	NPY6R
3653	NQO1
3654	NQO2
3655	NR0B1
3656	NR0B2
3657	NR1D1
3658	NR1H2
3659	NR1H3
3660	NR1H4
3661	NR1I2
3662	NR1I3
3663	NR2C1
3664	NR2C2
3665	NR2C2AP
3666	NR2F1
3667	NR2F2
3668	NR3C1
3669	NR3C2
3670	NR4A1
3671	NR4A2
3672	NR4A3
3673	NR5A1
3674	NR5A2
3675	NRAS
3676	NRBP1
3677	NRBP2
3678	NRCAM
3679	NRD1
3680	NRF1
3681	NRG1
3682	NRG2
3683	NRG3
3684	NRG4
3685	NRIP1
3686	NRIP2
3687	NRK
3688	NRP1
3689	NRP2
3690	NRTN
3691	NRXN1
3692	NRXN2
3693	NRXN3
3694	NSA2
3695	NSD1
3696	NSF
3697	NSMAF
3698	NSUN2
3699	NT5E
3700	NTF3
3701	NTF4
3702	NTHL1
3703	NTN1
3704	NTN3
3705	NTN4
3706	NTRK1
3707	NTRK2
3708	NTRK3
3709	NTS
3710	NTSR1
3711	NTSR2
3712	NUAK1
3713	NUCB1
3714	NUCKS1
3715	NUDC
3716	NUDT16L1
3717	NUDT21
3718	NUDT3
3719	NUDT4
3720	NUDT6
3721	NUMA1
3722	NUMB
3723	NUMBL
3724	NUP107
3725	NUP133
3726	NUP153
3727	NUP155
3728	NUP188
3729	NUP205
3730	NUP210
3731	NUP214
3732	NUP35
3733	NUP43
3734	NUP50
3735	NUP62
3736	NUP85
3737	NUP88
3738	NUP93
3739	NUP98
3740	NUPL2
3741	NUPR1
3742	NUSAP1
3743	NUTF2
3744	NXF1
3745	NXF3
3746	NXPH1
3747	NXPH3
3748	NXT1
3749	NYS3
3750	OA24
3751	OAS1
3752	OAZ1
3753	OBFC2B
3754	OBSCN
3755	OCA2
3756	OCLN
3757	ODC1
3758	ODF1
3759	ODF2
3760	OED
3761	OFC1
3762	OFD1
3763	OGFR
3764	OGG1
3765	OLFM4
3766	OLIG2
3767	OLIG3
3768	OLR1
3769	OMD
3770	OMG
3771	ONECUT1
3772	OPHN1
3773	OPN1LW
3774	OPN1MW
3775	OPN1SW
3776	OPRD1
3777	OPRK1
3778	OPRL1
3779	OPRM1
3780	OPTN
3781	OR10A4
3782	ORAI1
3783	ORC1L
3784	ORC2L
3785	ORC3L
3786	ORC4L
3787	ORC5L
3788	ORC6L
3789	ORM1
3790	OS9
3791	OSBPL8
3792	OSCAR
3793	OSM
3794	OSMR
3795	OSTF1
3796	OTUD5
3797	OTUD7B
3798	OXSR1
3799	OXT
3800	OXTR
3801	P2RX1
3802	P2RX2
3803	P2RX3
3804	P2RX4
3805	P2RX5
3806	P2RX6
3807	P2RX7
3808	P2RY2
3809	P4HB
3810	PA2G4
3811	PAAF1
3812	PABPC1
3813	PABPN1
3814	PAEP
3815	PAF1
3816	PAFAH1B1
3817	PAG1
3818	PAGE4
3819	PAIP1
3820	PAIP2
3821	PAK1
3822	PAK2
3823	PAK3
3824	PAK4
3825	PAK6
3826	PAK7
3827	PALLD
3828	PAN2
3829	PAN3
3830	PAPOLA
3831	PAPPA
3832	PAPPA2
3833	PAQR3
3834	PAQR5
3835	PAR1
3836	PAR4
3837	PARD3
3838	PARD6A
3839	PARD6B
3840	PARD6G
3841	PARG
3842	PARK2
3843	PARK7
3844	PARP1
3845	PARP10
3846	PARP14
3847	PARVA
3848	PARVB
3849	PARVG
3850	PATZ1
3851	PAWR
3852	PAX2
3853	PAX3
3854	PAX5
3855	PAX6
3856	PAX7
3857	PAX8
3858	PAXBP1
3859	PBK
3860	PBX1
3861	PBX2
3862	PC
3863	PCBD1
3864	PCBP2
3865	PCBP3
3866	PCBP4
3867	PCF11
3868	PCIF1
3869	PCK1
3870	PCK2
3871	PCLO
3872	PCM1
3873	PCMT1
3874	PCNA
3875	PCNAP1
3876	PCNP
3877	PCNT
3878	PCOLCE
3879	PCOS1
3880	PCSK1
3881	PCSK2
3882	PCSK4
3883	PCSK7
3884	PCSK9
3885	PCYT1A
3886	PDC
3887	PDCD1
3888	PDCD10
3889	PDCD1LG2
3890	PDCD2
3891	PDCD4
3892	PDCD5
3893	PDCD6
3894	PDCD6IP
3895	PDE1A
3896	PDE1B
3897	PDE1C
3898	PDE2A
3899	PDE3A
3900	PDE3B
3901	PDE4A
3902	PDE4B
3903	PDE4C
3904	PDE4D
3905	PDE5A
3906	PDE6A
3907	PDE6B
3908	PDE6C
3909	PDE6D
3910	PDE6G
3911	PDE6H
3912	PDE9A
3913	PDGFA
3914	PDGFB
3915	PDGFC
3916	PDGFD
3917	PDGFRA
3918	PDGFRB
3919	PDIA2
3920	PDIA3
3921	PDIK1L
3922	PDK1
3923	PDK2
3924	PDK3
3925	PDLIM4
3926	PDLIM5
3927	PDPK1
3928	PDPN
3929	PDS5A
3930	PDX1
3931	PDYN
3932	PDZK1
3933	PEA15
3934	PEBP1
3935	PECAM1
3936	PEG10
3937	PEG3
3938	PELI1
3939	PELP1
3940	PEMT
3941	PENK
3942	PER1
3943	PER2
3944	PER3
3945	PERP
3946	PEX14
3947	PF4
3948	PF4V1
3949	PFDN2
3950	PFDN4
3951	PFDN5
3952	PFKFB1
3953	PFKFB3
3954	PFKL
3955	PFKM
3956	PFKP
3957	PFN1
3958	PFN2
3959	PFN3
3960	PFN4
3961	PGAM1
3962	PGAM5
3963	PGF
3964	PGK1
3965	PGLYRP1
3966	PGM1
3967	PGR
3968	PGRMC1
3969	PHAX
3970	PHB
3971	PHB2
3972	PHEX
3973	PHF17
3974	PHF21A
3975	PHGDH
3976	PHKA1
3977	PHKA2
3978	PHKB
3979	PHKG1
3980	PHKG2
3981	PHLDA2
3982	PHOSPHO1
3983	PHOX2B
3984	PHPT1
3985	PI3
3986	PI4K2A
3987	PI4KA
3988	PI4KB
3989	PIAS1
3990	PIAS2
3991	PIAS3
3992	PIAS4
3993	PICALM
3994	PICK1
3995	PIF1
3996	PIGR
3997	PIK3AP1
3998	PIK3C2A
3999	PIK3C2B
4000	PIK3C2G
4001	PIK3C3
4002	PIK3CA
4003	PIK3CB
4004	PIK3CD
4005	PIK3CG
4006	PIK3IP1
4007	PIK3R1
4008	PIK3R2
4009	PIK3R3
4010	PIK3R4
4011	PIK3R5
4012	PIKFYVE
4013	PILRB
4014	PIM1
4015	PIM2
4016	PIN1
4017	PINK1
4018	PINX1
4019	PIP4K2A
4020	PIP4K2B
4021	PIP4K2C
4022	PIP5K1A
4023	PIP5K1B
4024	PIP5K1C
4025	PIR
4026	PISD
4027	PITPNA
4028	PITPNM1
4029	PITRM1
4030	PITX1
4031	PITX2
4032	PKC
4033	PKD1
4034	PKD2L1
4035	PKIA
4036	PKLR
4037	PKM2
4038	PKMYT1
4039	PKN1
4040	PKN2
4041	PKN3
4042	PKNOX1
4043	PKP3
4044	PLA2G10
4045	PLA2G12A
4046	PLA2G12B
4047	PLA2G1B
4048	PLA2G2A
4049	PLA2G2C
4050	PLA2G2D
4051	PLA2G2E
4052	PLA2G2F
4053	PLA2G3
4054	PLA2G4A
4055	PLA2G4B
4056	PLA2G4D
4057	PLA2G4E
4058	PLA2G4F
4059	PLA2G5
4060	PLA2G6
4061	PLA2G7
4062	PLAA
4063	PLAC1
4064	PLAGL1
4065	PLAGL2
4066	PLAT
4067	PLAU
4068	PLAUR
4069	PLCB1
4070	PLCB2
4071	PLCB3
4072	PLCB4
4073	PLCD1
4074	PLCD3
4075	PLCD4
4076	PLCE1
4077	PLCG1
4078	PLCG2
4079	PLCL1
4080	PLCZ1
4081	PLD1
4082	PLD2
4083	PLEC
4084	PLEKHA4
4085	PLEKHG6
4086	PLEKHM1
4087	PLEKHO1
4088	PLEKHO2
4089	PLF
4090	PLG
4091	PLIN1
4092	PLIN2
4093	PLK1
4094	PLK1S1
4095	PLK2
4096	PLK3
4097	PLK4
4098	PLN
4099	PLOD1
4100	PLP1
4101	PLSCR1
4102	PLTP
4103	PLVAP
4104	PLXNA1
4105	PLXNA2
4106	PLXNA3
4107	PLXNA4
4108	PLXNB1
4109	PLXNB2
4110	PLXNB3
4111	PLXND1
4112	PMAIP1
4113	PMCH
4114	PMEPA1
4115	PMF1
4116	PML
4117	PMM2
4118	PMP2
4119	PMS2
4120	PNCK
4121	PNMA1
4122	PNOC
4123	PNPLA2
4124	PNPLA6
4125	PNRC1
4126	PODXL2
4127	POFUT1
4128	POGZ
4129	POLA1
4130	POLA2
4131	POLB
4132	POLD1
4133	POLD2
4134	POLD3
4135	POLD4
4136	POLDIP2
4137	POLE
4138	POLE2
4139	POLG
4140	POLH
4141	POLK
4142	POLL
4143	POLM
4144	POLR1A
4145	POLR1B
4146	POLR1C
4147	POLR1D
4148	POLR2A
4149	POLR2B
4150	POLR2C
4151	POLR2D
4152	POLR2E
4153	POLR2F
4154	POLR2G
4155	POLR2H
4156	POLR2I
4157	POLR2J
4158	POLR2K
4159	POLR2L
4160	POLR3A
4161	POLR3B
4162	POLR3D
4163	POLR3E
4164	POLR3F
4165	POLR3H
4166	POLR3K
4167	POM121
4168	POMC
4169	POMP
4170	PON1
4171	POP7
4172	POR
4173	PORCN
4174	POSTN
4175	POU1F1
4176	POU2F1
4177	POU2F2
4178	POU3F2
4179	POU3F3
4180	POU4F1
4181	POU4F2
4182	POU5F1
4183	POU6F1
4184	PPA1
4185	PPAP2A
4186	PPAP2B
4187	PPAP2C
4188	PPAPDC1B
4189	PPARA
4190	PPARD
4191	PPARG
4192	PPARGC1A
4193	PPBP
4194	PPBPL1
4195	PPFIA1
4196	PPHLN1
4197	PPIA
4198	PPIB
4199	PPIE
4200	PPL
4201	PPM1A
4202	PPM1B
4203	PPM1D
4204	PPM1F
4205	PPM1G
4206	PPM1J
4207	PPM1M
4208	PPP1CA
4209	PPP1CB
4210	PPP1CC
4211	PPP1R12A
4212	PPP1R12B
4213	PPP1R13B
4214	PPP1R13L
4215	PPP1R14A
4216	PPP1R14B
4217	PPP1R14C
4218	PPP1R15A
4219	PPP1R1A
4220	PPP1R1B
4221	PPP1R3A
4222	PPP1R3B
4223	PPP1R3C
4224	PPP1R3D
4225	PPP1R8
4226	PPP1R9A
4227	PPP1R9B
4228	PPP2CA
4229	PPP2CB
4230	PPP2R1A
4231	PPP2R1B
4232	PPP2R2A
4233	PPP2R2B
4234	PPP2R2C
4235	PPP2R2D
4236	PPP2R3B
4237	PPP2R4
4238	PPP2R5A
4239	PPP2R5B
4240	PPP2R5C
4241	PPP2R5D
4242	PPP2R5E
4243	PPP3CA
4244	PPP3CB
4245	PPP3CC
4246	PPP3R1
4247	PPP3R2
4248	PPP4C
4249	PPP5C
4250	PPP6C
4251	PPY
4252	PPYR1
4253	PQBP1
4254	PRAM1
4255	PRB3
4256	PRB4
4257	PRC1
4258	PRCP
4259	PRDM1
4260	PRDM10
4261	PRDM15
4262	PRDM2
4263	PRDX1
4264	PRDX2
4265	PRDX3
4266	PRDX4
4267	PRDX5
4268	PREB
4269	PREX1
4270	PREX2
4271	PRF1
4272	PRG1
4273	PRG2
4274	PRICKLE1
4275	PRICKLE2
4276	PRIM1
4277	PRIM2
4278	PRKAA1
4279	PRKAA2
4280	PRKAB1
4281	PRKAB2
4282	PRKACA
4283	PRKACB
4284	PRKACG
4285	PRKAG1
4286	PRKAG2
4287	PRKAG3
4288	PRKAR1A
4289	PRKAR1B
4290	PRKAR2A
4291	PRKAR2B
4292	PRKCA
4293	PRKCB
4294	PRKCD
4295	PRKCE
4296	PRKCG
4297	PRKCH
4298	PRKCI
4299	PRKCQ
4300	PRKCSH
4301	PRKCZ
4302	PRKD1
4303	PRKD2
4304	PRKD3
4305	PRKDC
4306	PRKG1
4307	PRKG2
4308	PRKRA
4309	PRKRIR
4310	PRKX
4311	PRKY
4312	PRL
4313	PRLH
4314	PRLHR
4315	PRLR
4316	PRMT1
4317	PRMT2
4318	PRMT5
4319	PRMT6
4320	PRMT8
4321	PRND
4322	PRNP
4323	PROC
4324	PROCR
4325	PRODH
4326	PROK1
4327	PROK2
4328	PROKR1
4329	PROKR2
4330	PROP1
4331	PROS1
4332	PROX1
4333	PRPF4
4334	PRPF4B
4335	PRPF8
4336	PRR5
4337	PRRX1
4338	PRSS1
4339	PRSS2
4340	PRSS3
4341	PRSS8
4342	PRTN3
4343	PSAP
4344	PSD
4345	PSEN1
4346	PSEN2
4347	PSENEN
4348	PSIP1
4349	PSMA1
4350	PSMA2
4351	PSMA3
4352	PSMA4
4353	PSMA5
4354	PSMA6
4355	PSMA7
4356	PSMA8
4357	PSMB1
4358	PSMB10
4359	PSMB11
4360	PSMB2
4361	PSMB3
4362	PSMB4
4363	PSMB5
4364	PSMB6
4365	PSMB7
4366	PSMB8
4367	PSMB9
4368	PSMC1
4369	PSMC2
4370	PSMC3
4371	PSMC3IP
4372	PSMC4
4373	PSMC5
4374	PSMC6
4375	PSMD1
4376	PSMD10
4377	PSMD11
4378	PSMD12
4379	PSMD13
4380	PSMD14
4381	PSMD2
4382	PSMD3
4383	PSMD4
4384	PSMD5
4385	PSMD6
4386	PSMD7
4387	PSMD8
4388	PSMD9
4389	PSME1
4390	PSME2
4391	PSME3
4392	PSME4
4393	PSMF1
4394	PSPC1
4395	PSPN
4396	PSTPIP1
4397	PTAFR
4398	PTBP1
4399	PTBP2
4400	PTCH1
4401	PTCH2
4402	PTCRA
4403	PTDSS1
4404	PTEN
4405	PTGDR
4406	PTGDS
4407	PTGER1
4408	PTGER2
4409	PTGER3
4410	PTGES
4411	PTGES2
4412	PTGES3
4413	PTGFR
4414	PTGIR
4415	PTGIS
4416	PTGS1
4417	PTGS2
4418	PTH
4419	PTH1R
4420	PTH2R
4421	PTHLH
4422	PTK2
4423	PTK2B
4424	PTK6
4425	PTMA
4426	PTN
4427	PTP4A1
4428	PTP4A2
4429	PTP4A3
4430	PTPLAD1
4431	PTPN1
4432	PTPN11
4433	PTPN12
4434	PTPN13
4435	PTPN2
4436	PTPN22
4437	PTPN3
4438	PTPN4
4439	PTPN5
4440	PTPN6
4441	PTPN7
4442	PTPRA
4443	PTPRB
4444	PTPRC
4445	PTPRE
4446	PTPRF
4447	PTPRH
4448	PTPRJ
4449	PTPRK
4450	PTPRM
4451	PTPRN
4452	PTPRO
4453	PTPRR
4454	PTPRS
4455	PTPRU
4456	PTPRZ1
4457	PTRH1
4458	PTRH2
4459	PTTG1
4460	PTTG1IP
4461	PTTG2
4462	PTX3
4463	PUM1
4464	PURA
4465	PVALB
4466	PVR
4467	PVRL1
4468	PVRL2
4469	PVRL3
4470	PVRL4
4471	PXK
4472	PXMP3
4473	PXN
4474	PYCARD
4475	PYCR1
4476	PYDC1
4477	PYGB
4478	PYGL
4479	PYGM
4480	PYGO1
4481	PYY
4482	PYY2
4483	PZP
4484	QKI
4485	R3HDM2
4486	RA1
4487	RA2
4488	RA3
4489	RA4
4490	RAB11A
4491	RAB11B
4492	RAB11FIP1
4493	RAB11FIP2
4494	RAB11FIP3
4495	RAB11FIP4
4496	RAB11FIP5
4497	RAB14
4498	RAB1A
4499	RAB23
4500	RAB2A
4501	RAB38
4502	RAB3A
4503	RAB3GAP2
4504	RAB3IP
4505	RAB4A
4506	RAB5A
4507	RAB5B
4508	RAB5C
4509	RAB6A
4510	RAB7A
4511	RAB8A
4512	RABAC1
4513	RABEP1
4514	RABGEF1
4515	RAC1
4516	RAC2
4517	RAC3
4518	RACGAP1
4519	RAD1
4520	RAD17
4521	RAD21
4522	RAD23A
4523	RAD23B
4524	RAD50
4525	RAD51
4526	RAD52
4527	RAD54L2
4528	RAD9A
4529	RAE1
4530	RAET1E
4531	RAET1G
4532	RAET1L
4533	RAF1
4534	RAG1
4535	RAG2
4536	RALA
4537	RALB
4538	RALBP1
4539	RALGDS
4540	RAMP1
4541	RAMP2
4542	RAN
4543	RANBP1
4544	RANBP10
4545	RANBP2
4546	RANBP3
4547	RANBP9
4548	RANGAP1
4549	RAP1A
4550	RAP1B
4551	RAP1GAP
4552	RAP1GDS1
4553	RAP2A
4554	RAP2B
4555	RAPGEF1
4556	RAPGEF2
4557	RAPGEF3
4558	RAPGEF4
4559	RAPGEF5
4560	RARA
4561	RARB
4562	RARG
4563	RARRES3
4564	RASA1
4565	RASA2
4566	RASA4
4567	RASAL1
4568	RASAL2
4569	RASD1
4570	RASGRF1
4571	RASGRF2
4572	RASGRP1
4573	RASGRP2
4574	RASGRP3
4575	RASGRP4
4576	RASSF1
4577	RASSF5
4578	RAVER1
4579	RB1
4580	RB1CC1
4581	RBBP4
4582	RBBP5
4583	RBBP7
4584	RBBP8
4585	RBBP9
4586	RBCK1
4587	RBL1
4588	RBL2
4589	RBM12
4590	RBM17
4591	RBM19
4592	RBM27
4593	RBM38
4594	RBM39
4595	RBM8A
4596	RBM9
4597	RBP1
4598	RBP2
4599	RBP3
4600	RBPJ
4601	RBPJL
4602	RBPMS
4603	RBX1
4604	RC3H1
4605	RCAN1
4606	RCBTB1
4607	RCC1
4608	RCHY1
4609	RCVRN
4610	RDBP
4611	RDX
4612	REC8
4613	RECK
4614	RECQL
4615	RECQL4
4616	REEP5
4617	REG4
4618	REL
4619	RELA
4620	RELB
4621	RELL2
4622	RELN
4623	RELT
4624	REN
4625	RENBP
4626	REPS1
4627	REPS2
4628	RERE
4629	REST
4630	RET
4631	RETN
4632	RETNLB
4633	RFC1
4634	RFC2
4635	RFC3
4636	RFC4
4637	RFC5
4638	RFFL
4639	RFNG
4640	RFWD2
4641	RFX5
4642	RFXANK
4643	RFXAP
4644	RGMA
4645	RGMB
4646	RGNEF
4647	RGS1
4648	RGS13
4649	RGS14
4650	RGS16
4651	RGS19
4652	RGS2
4653	RGS4
4654	RGS6
4655	RGS9
4656	RGS9BP
4657	RHEB
4658	RHO
4659	RHOA
4660	RHOB
4661	RHOC
4662	RHOD
4663	RHOF
4664	RHOG
4665	RHOQ
4666	RHOU
4667	RICS
4668	RICTOR
4669	RIEG2
4670	RIMS1
4671	RIN1
4672	RIN2
4673	RING1
4674	RIOK1
4675	RIPK1
4676	RIPK2
4677	RIPK3
4678	RIT1
4679	RIT2
4680	RLN1
4681	RLN2
4682	RLN3
4683	RMI1
4684	RN7SK
4685	RN7SL1
4686	RNASE1
4687	RNASE2
4688	RNASE3
4689	RNASEH2C
4690	RNASEL
4691	RND3
4692	RNF11
4693	RNF111
4694	RNF125
4695	RNF128
4696	RNF14
4697	RNF144B
4698	RNF25
4699	RNF4
4700	RNF41
4701	RNF43
4702	RNF7
4703	RNF8
4704	RNH1
4705	RNPS1
4706	RNY3
4707	ROBO1
4708	ROBO2
4709	ROBO3
4710	ROBO4
4711	ROCK1
4712	ROCK2
4713	ROR2
4714	RORA
4715	RORC
4716	ROS1
4717	RP1
4718	RP11-631M21.2
4719	RP6-213H19.1
4720	RPA1
4721	RPA2
4722	RPA3
4723	RPA4
4724	RPE
4725	RPH3A
4726	RPL10
4727	RPL10L
4728	RPL11
4729	RPL14
4730	RPL18
4731	RPL18A
4732	RPL19
4733	RPL21
4734	RPL22
4735	RPL23
4736	RPL23A
4737	RPL24
4738	RPL26
4739	RPL27A
4740	RPL28
4741	RPL29
4742	RPL3
4743	RPL30
4744	RPL31
4745	RPL34
4746	RPL35
4747	RPL36
4748	RPL37
4749	RPL38
4750	RPL39
4751	RPL39L
4752	RPL4
4753	RPL41
4754	RPL5
4755	RPL6
4756	RPL7
4757	RPL7A
4758	RPL8
4759	RPLP0
4760	RPLP1
4761	RPLP2
4762	RPN1
4763	RPN2
4764	RPRM
4765	RPS10
4766	RPS11
4767	RPS12
4768	RPS13
4769	RPS14
4770	RPS15
4771	RPS15A
4772	RPS16
4773	RPS17
4774	RPS18
4775	RPS19
4776	RPS19BP1
4777	RPS2
4778	RPS20
4779	RPS21
4780	RPS23
4781	RPS24
4782	RPS25
4783	RPS26
4784	RPS27
4785	RPS27A
4786	RPS27L
4787	RPS28
4788	RPS29
4789	RPS3
4790	RPS3A
4791	RPS4X
4792	RPS4Y1
4793	RPS5
4794	RPS6
4795	RPS6KA1
4796	RPS6KA2
4797	RPS6KA3
4798	RPS6KA4
4799	RPS6KA5
4800	RPS6KA6
4801	RPS6KB1
4802	RPS6KB2
4803	RPS6KL1
4804	RPS7
4805	RPS8
4806	RPS9
4807	RPSA
4808	RPTOR
4809	RRAD
4810	RRAGA
4811	RRAGB
4812	RRAGC
4813	RRAGD
4814	RRAS
4815	RRAS2
4816	RREB1
4817	RRM1
4818	RRM2
4819	RRM2B
4820	RRN3
4821	RSBN1
4822	RSF1
4823	RSL1D1
4824	RSPO1
4825	RTEL1
4826	RTKN
4827	RTN3
4828	RTN4
4829	RTN4R
4830	RUFY1
4831	RUNX1
4832	RUNX1T1
4833	RUNX2
4834	RUNX3
4835	RUVBL1
4836	RUVBL2
4837	RXFP1
4838	RXFP2
4839	RXFP3
4840	RXFP4
4841	RXRA
4842	RXRB
4843	RXRG
4844	RYBP
4845	RYK
4846	RYR1
4847	RYR2
4848	RYR3
4849	S100A1
4850	S100A10
4851	S100A11
4852	S100A12
4853	S100A2
4854	S100A4
4855	S100A6
4856	S100A7
4857	S100A8
4858	S100A9
4859	S100B
4860	S100P
4861	S1PR1
4862	S1PR2
4863	S1PR3
4864	S1PR4
4865	S1PR5
4866	SAA1
4867	SAE1
4868	SAFB
4869	SAFB2
4870	SAG
4871	SALL1
4872	SALL3
4873	SALL4
4874	SAMHD1
4875	SAP18
4876	SAP30
4877	SAR1A
4878	SAR1B
4879	SARM1
4880	SARNP
4881	SARS
4882	SART3
4883	SAT1
4884	SATB1
4885	SAV1
4886	SCAI
4887	SCAMP2
4888	SCAMP3
4889	SCAP
4890	SCARB1
4891	SCARF1
4892	SCD
4893	SCD5
4894	SCG2
4895	SCGB1A1
4896	SCGB3A2
4897	SCIN
4898	SCLC1
4899	SCN3B
4900	SCN5A
4901	SCNN1A
4902	SCNN1B
4903	SCNN1D
4904	SCNN1G
4905	SCP2
4906	SCRIB
4907	SCT
4908	SCTR
4909	SCYL1
4910	SCYL2
4911	SCYL3
4912	SCZD1
4913	SDC1
4914	SDC2
4915	SDC3
4916	SDC4
4917	SDCBP
4918	SDCCAG8
4919	SDS
4920	SEC11A
4921	SEC11C
4922	SEC14L2
4923	SEC23A
4924	SEC63
4925	SEH1L
4926	SELE
4927	SELL
4928	SELP
4929	SELPLG
4930	SEMA3A
4931	SEMA3B
4932	SEMA3C
4933	SEMA3E
4934	SEMA3F
4935	SEMA4A
4936	SEMA4D
4937	SEMA5A
4938	SEMA6D
4939	SEMG1
4940	SENP1
4941	SENP2
4942	SENP3
4943	SENP5
4944	SENP8
4945	SEPT2
4946	SEPT4
4947	SERBP1
4948	SERPINA1
4949	SERPINA3
4950	SERPINA4
4951	SERPINA5
4952	SERPINA6
4953	SERPINB2
4954	SERPINB3
4955	SERPINB5
4956	SERPINB8
4957	SERPINB9
4958	SERPINC1
4959	SERPIND1
4960	SERPINE1
4961	SERPINE2
4962	SERPINF1
4963	SERPINF2
4964	SERPING1
4965	SERPINH1
4966	SERPINI1
4967	SESN1
4968	SESN2
4969	SESN3
4970	SET
4971	SETBP1
4972	SETD2
4973	SETD7
4974	SETD8
4975	SETDB1
4976	SETDB2
4977	SF1
4978	SF3B1
4979	SF3B4
4980	SFI1
4981	SFMBT1
4982	SFN
4983	SFRP1
4984	SFRP2
4985	SFRP4
4986	SFRP5
4987	SFRS1
4988	SFRS12
4989	SFRS2
4990	SFRS3
4991	SFTPA1
4992	SFTPA2
4993	SFTPB
4994	SFTPC
4995	SFTPD
4996	SFXN3
4997	SGEF
4998	SGK1
4999	SGK2
5000	SGK3
5001	SGK494
5002	SGMS1
5003	SGOL1
5004	SGPL1
5005	SGSH
5006	SH2B1
5007	SH2B2
5008	SH2B3
5009	SH2D1A
5010	SH2D1B
5011	SH2D2A
5012	SH2D3C
5013	SH2D4A
5014	SH3BGRL
5015	SH3BP2
5016	SH3BP4
5017	SH3BP5
5018	SH3GL1
5019	SH3GL2
5020	SH3GL3
5021	SH3GLB1
5022	SH3GLB2
5023	SH3KBP1
5024	SH3RF3
5025	SHANK1
5026	SHANK3
5027	SHB
5028	SHBG
5029	SHC1
5030	SHC2
5031	SHC3
5032	SHC4
5033	SHFM1
5034	SHH
5035	SHISA5
5036	SHMT1
5037	SHOC2
5038	SHROOM1
5039	SHROOM4
5040	SIAH1
5041	SIAH2
5042	SIGIRR
5043	SIGLEC1
5044	SIGLEC10
5045	SIGLEC8
5046	SIGLEC9
5047	SIK1
5048	SIK2
5049	SIK3
5050	SIKE1
5051	SIL1
5052	SILV
5053	SIN3A
5054	SIN3B
5055	SIP1
5056	SIPA1
5057	SIRPA
5058	SIRT1
5059	SIRT3
5060	SIT1
5061	SIVA1
5062	SIX1
5063	SKAP1
5064	SKAP2
5065	SKI
5066	SKIL
5067	SKP1
5068	SKP2
5069	SLA
5070	SLA2
5071	SLAMF1
5072	SLBP
5073	SLC10A1
5074	SLC10A2
5075	SLC11A1
5076	SLC11A2
5077	SLC12A1
5078	SLC12A2
5079	SLC12A3
5080	SLC17A7
5081	SLC18A2
5082	SLC18A3
5083	SLC1A2
5084	SLC1A3
5085	SLC1A5
5086	SLC22A11
5087	SLC22A9
5088	SLC25A18
5089	SLC25A20
5090	SLC25A22
5091	SLC25A3
5092	SLC25A4
5093	SLC25A6
5094	SLC26A3
5095	SLC26A4
5096	SLC27A1
5097	SLC27A4
5098	SLC2A1
5099	SLC2A14
5100	SLC2A2
5101	SLC2A3
5102	SLC2A4
5103	SLC2A4RG
5104	SLC30A7
5105	SLC3A2
5106	SLC48A1
5107	SLC4A1
5108	SLC4A1AP
5109	SLC5A5
5110	SLC5A7
5111	SLC6A13
5112	SLC6A3
5113	SLC6A8
5114	SLC7A5
5115	SLC9A1
5116	SLC9A3
5117	SLC9A3R1
5118	SLC9A3R2
5119	SLC9A5
5120	SLC9A8
5121	SLCO1B1
5122	SLCO6A1
5123	SLEB3
5124	SLEH1
5125	SLEN2
5126	SLIT1
5127	SLIT2
5128	SLK
5129	SLPI
5130	SLURP1
5131	SLX4
5132	SMAD1
5133	SMAD2
5134	SMAD3
5135	SMAD4
5136	SMAD5
5137	SMAD6
5138	SMAD7
5139	SMAD9
5140	SMARCA1
5141	SMARCA2
5142	SMARCA4
5143	SMARCA5
5144	SMARCAD1
5145	SMARCAL1
5146	SMARCB1
5147	SMARCC1
5148	SMARCC2
5149	SMARCD1
5150	SMARCD3
5151	SMARCE1
5152	SMC1A
5153	SMC1B
5154	SMC2
5155	SMC3
5156	SMC4
5157	SMCR7L
5158	SMG5
5159	SMN1
5160	SMN2
5161	SMNDC1
5162	SMO
5163	SMPD1
5164	SMPD2
5165	SMPD3
5166	SMPX
5167	SMR3A
5168	SMUG1
5169	SMURF1
5170	SMURF2
5171	SMYD1
5172	SMYD2
5173	SMYD3
5174	SNAI1
5175	SNAI2
5176	SNAI3
5177	SNAP25
5178	SNAPIN
5179	SNCA
5180	SNCAIP
5181	SNCB
5182	SNCG
5183	SND1
5184	SNF8
5185	SNIP1
5186	SNORA62
5187	SNORA73A
5188	SNORD12C
5189	SNORD87
5190	SNPH
5191	SNRK
5192	SNRNP70
5193	SNRPA
5194	SNRPA1
5195	SNRPB
5196	SNRPB2
5197	SNRPC
5198	SNRPD1
5199	SNRPD2
5200	SNRPD3
5201	SNRPE
5202	SNRPF
5203	SNRPG
5204	SNRPN
5205	SNTA1
5206	SNUPN
5207	SNW1
5208	SNX1
5209	SNX2
5210	SNX4
5211	SNX6
5212	SNX9
5213	SOAT1
5214	SOCS1
5215	SOCS2
5216	SOCS3
5217	SOCS4
5218	SOCS5
5219	SOCS6
5220	SOCS7
5221	SOD1
5222	SOD2
5223	SOD3
5224	SORBS1
5225	SORBS2
5226	SORBS3
5227	SORD
5228	SORL1
5229	SORT1
5230	SOS1
5231	SOS2
5232	SOST
5233	SOSTDC1
5234	SOX1
5235	SOX10
5236	SOX17
5237	SOX2
5238	SOX3
5239	SOX4
5240	SOX5
5241	SOX6
5242	SOX9
5243	SP1
5244	SP100
5245	SP3
5246	SP5
5247	SP7
5248	SPAG5
5249	SPAG7
5250	SPAG9
5251	SPARC
5252	SPARCL1
5253	SPATA13
5254	SPATA18
5255	SPCS1
5256	SPCS2
5257	SPCS3
5258	SPDEF
5259	SPDYA
5260	SPDYC
5261	SPEG
5262	SPEN
5263	SPG7
5264	SPHK1
5265	SPHK2
5266	SPHKAP
5267	SPI1
5268	SPINT1
5269	SPN
5270	SPP1
5271	SPRED1
5272	SPRED2
5273	SPRY1
5274	SPRY2
5275	SPRY3
5276	SPRY4
5277	SPSB1
5278	SPTAN1
5279	SPTBN1
5280	SPTBN2
5281	SPTLC1
5282	SQSTM1
5283	SRA1
5284	SRC
5285	SRCAP
5286	SREBF1
5287	SREBF2
5288	SRF
5289	SRGAP1
5290	SRI
5291	SRL
5292	SRMS
5293	SRP14
5294	SRP19
5295	SRP54
5296	SRP68
5297	SRP72
5298	SRP9P1
5299	SRPK1
5300	SRPK2
5301	SRPR
5302	SRPRB
5303	SRR
5304	SRRM1
5305	SRSF10
5306	SRSF4
5307	SRSF6
5308	SRXN1
5309	SRY
5310	SSB
5311	SSBP3
5312	SSBP4
5313	SSH1
5314	SSH2
5315	SSH3
5316	SSNA1
5317	SSRP1
5318	SST
5319	SSTR1
5320	SSTR2
5321	SSTR3
5322	SSTR4
5323	SSTR5
5324	SSX1
5325	SSX2
5326	SSX2IP
5327	ST13
5328	ST14
5329	ST5
5330	ST6GAL1
5331	STAG1
5332	STAG2
5333	STAM
5334	STAM2
5335	STAMBP
5336	STAMBPL1
5337	STAP1
5338	STAP2
5339	STAR
5340	STARD3
5341	STAT1
5342	STAT2
5343	STAT3
5344	STAT4
5345	STAT5A
5346	STAT5B
5347	STAT6
5348	STAU1
5349	STC1
5350	STEAP1
5351	STEAP3
5352	STIL
5353	STIM1
5354	STIP1
5355	STK11
5356	STK11IP
5357	STK16
5358	STK17A
5359	STK24
5360	STK25
5361	STK3
5362	STK33
5363	STK36
5364	STK38
5365	STK38L
5366	STK39
5367	STK4
5368	STK40
5369	STMN1
5370	STMN2
5371	STON1
5372	STRADA
5373	STRADB
5374	STRAP
5375	STRN
5376	STUB1
5377	STX1A
5378	STX3
5379	STX4
5380	STXBP1
5381	STXBP4
5382	STXBP6
5383	STYK1
5384	SUB1
5385	SUCLA2
5386	SUFU
5387	SUGT1
5388	SULT1E1
5389	SULT2A1
5390	SUMF1
5391	SUMO1
5392	SUMO2
5393	SUMO3
5394	SUMO4
5395	SUPT3H
5396	SUPT4H1
5397	SUPT5H
5398	SUPT7L
5399	SUPV3L1
5400	SUV39H1
5401	SUZ12
5402	SV2A
5403	SV2B
5404	SV2C
5405	SVIL
5406	SYK
5407	SYN1
5408	SYN2
5409	SYNGAP1
5410	SYNJ1
5411	SYNJ2
5412	SYNJ2BP
5413	SYNM
5414	SYP
5415	SYT1
5416	SYT2
5417	SYT4
5418	SYT5
5419	SYVN1
5420	T
5421	TAC1
5422	TAC3
5423	TAC4
5424	TACC1
5425	TACC2
5426	TACC3
5427	TACR1
5428	TACR2
5429	TACR3
5430	TADA2B
5431	TADA3
5432	TAF1
5433	TAF10
5434	TAF11
5435	TAF12
5436	TAF13
5437	TAF1A
5438	TAF1B
5439	TAF1C
5440	TAF4
5441	TAF4B
5442	TAF5
5443	TAF5L
5444	TAF6
5445	TAF7
5446	TAF9
5447	TAGLN
5448	TAGLN2
5449	TAL1
5450	TALDO1
5451	TAM
5452	TANK
5453	TAOK1
5454	TAOK2
5455	TAOK3
5456	TAP1
5457	TAP2
5458	TAPBP
5459	TARBP1
5460	TARBP2
5461	TARDBP
5462	TAS2R38
5463	TASP1
5464	TAT
5465	TAX1BP3
5466	TBC1D10B
5467	TBC1D20
5468	TBC1D22A
5469	TBC1D4
5470	TBC1D7
5471	TBK1
5472	TBKBP1
5473	TBL1X
5474	TBL1XR1
5475	TBL1Y
5476	TBP
5477	TBR1
5478	TBX2
5479	TBX20
5480	TBX21
5481	TBX3
5482	TBXA2R
5483	TCAP
5484	TCEA1
5485	TCEAL1
5486	TCEAL6
5487	TCEB1
5488	TCEB2
5489	TCF12
5490	TCF3
5491	TCF4
5492	TCF7
5493	TCF7L1
5494	TCF7L2
5495	TDG
5496	TDGF1
5497	TDGF3
5498	TDRD1
5499	TEAD1
5500	TEC
5501	TEK
5502	TENC1
5503	TEP1
5504	TERC
5505	TERF1
5506	TERF2
5507	TERF2IP
5508	TERT
5509	TES
5510	TESK1
5511	TESK2
5512	TEX10
5513	TF
5514	TFAM
5515	TFAP2A
5516	TFAP2C
5517	TFCP2
5518	TFDP1
5519	TFDP2
5520	TFDP3
5521	TFE3
5522	TFEC
5523	TFF1
5524	TFF2
5525	TFF3
5526	TFIP11
5527	TFPI
5528	TFPI2
5529	TFRC
5530	TG
5531	TGFA
5532	TGFB1
5533	TGFB1I1
5534	TGFB2
5535	TGFB3
5536	TGFBI
5537	TGFBR1
5538	TGFBR2
5539	TGFBR3
5540	TGFBRAP1
5541	TGIF1
5542	TGM1
5543	TGM2
5544	TH
5545	TH1L
5546	THBD
5547	THBS1
5548	THBS2
5549	THBS3
5550	THBS4
5551	THEM4
5552	THOC1
5553	THOC4
5554	THPO
5555	THRA
5556	THY1
5557	TIA1
5558	TIAF1
5559	TIAM1
5560	TIAM2
5561	TICAM1
5562	TICAM2
5563	TIE1
5564	TIFA
5565	TIFAB
5566	TIMELESS
5567	TIMM23
5568	TIMP1
5569	TIMP2
5570	TIMP3
5571	TIMP4
5572	TINAGL1
5573	TIPIN
5574	TIRAP
5575	TJAP1
5576	TJP1
5577	TJP2
5578	TJP3
5579	TK1
5580	TLE1
5581	TLE4
5582	TLK1
5583	TLN1
5584	TLN2
5585	TLR1
5586	TLR10
5587	TLR2
5588	TLR3
5589	TLR4
5590	TLR5
5591	TLR6
5592	TLR7
5593	TLR8
5594	TLR9
5595	TLX2
5596	TM7SF4
5597	TMBIM6
5598	TMC6
5599	TMED7-TICAM2
5600	TMEFF2
5601	TMEM126A
5602	TMEM132D
5603	TMEM173
5604	TMEM8B
5605	TMF1
5606	TMPRSS11D
5607	TMPRSS2
5608	TMPRSS6
5609	TMSB4X
5610	TMSB4Y
5611	TMSL3
5612	TNC
5613	TNF
5614	TNFAIP3
5615	TNFAIP6
5616	TNFAIP8
5617	TNFRSF10A
5618	TNFRSF10B
5619	TNFRSF10C
5620	TNFRSF10D
5621	TNFRSF11A
5622	TNFRSF11B
5623	TNFRSF12A
5624	TNFRSF13B
5625	TNFRSF13C
5626	TNFRSF14
5627	TNFRSF17
5628	TNFRSF18
5629	TNFRSF19
5630	TNFRSF1A
5631	TNFRSF1B
5632	TNFRSF21
5633	TNFRSF25
5634	TNFRSF4
5635	TNFRSF6B
5636	TNFRSF8
5637	TNFRSF9
5638	TNFSF10
5639	TNFSF11
5640	TNFSF12
5641	TNFSF12-TNFSF13
5642	TNFSF13
5643	TNFSF13B
5644	TNFSF14
5645	TNFSF15
5646	TNFSF18
5647	TNFSF4
5648	TNFSF8
5649	TNFSF9
5650	TNIK
5651	TNIP1
5652	TNIP2
5653	TNIP3
5654	TNK2
5655	TNKS
5656	TNN
5657	TNNI1
5658	TNNI3
5659	TNNI3K
5660	TNNT2
5661	TNPO1
5662	TNR
5663	TNS1
5664	TNXB
5665	TOB1
5666	TOB2
5667	TOLLIP
5668	TOM1
5669	TOP1
5670	TOP2A
5671	TOPBP1
5672	TOPORS
5673	TOR1A
5674	TOX
5675	TP53
5676	TP53AIP1
5677	TP53BP1
5678	TP53BP2
5679	TP53I3
5680	TP53INP1
5681	TP63
5682	TP73
5683	TPD52
5684	TPH1
5685	TPI1
5686	TPM1
5687	TPO
5688	TPP2
5689	TPPP
5690	TPPP3
5691	TPR
5692	TPSAB1
5693	TPT1
5694	TPX2
5695	TRA@
5696	TRADD
5697	TRAF1
5698	TRAF2
5699	TRAF3
5700	TRAF3IP2
5701	TRAF4
5702	TRAF5
5703	TRAF6
5704	TRAK2
5705	TRAP1
5706	TRAPPC9
5707	TRAT1
5708	TRB@
5709	TRD@
5710	TREH
5711	TREM1
5712	TREM2
5713	TREX1
5714	TRH
5715	TRHR
5716	TRIAP1
5717	TRIB2
5718	TRIB3
5719	TRIM11
5720	TRIM14
5721	TRIM16
5722	TRIM21
5723	TRIM24
5724	TRIM25
5725	TRIM26
5726	TRIM27
5727	TRIM28
5728	TRIM29
5729	TRIM32
5730	TRIM36
5731	TRIM41
5732	TRIO
5733	TRIOBP
5734	TRIP10
5735	TRIP12
5736	TRIP4
5737	TRIP6
5738	TRNAE1
5739	TRNAU1AP
5740	TRNH
5741	TRPC1
5742	TRPC3
5743	TRPC4AP
5744	TRPC5
5745	TRPC6
5746	TRPS1
5747	TRPV1
5748	TRPV4
5749	TRPV5
5750	TRPV6
5751	TRRAP
5752	TSC1
5753	TSC2
5754	TSC22D1
5755	TSC22D3
5756	TSC22D4
5757	TSG101
5758	TSGA14
5759	TSHB
5760	TSHR
5761	TSHZ1
5762	TSIX
5763	TSLP
5764	TSN
5765	TSNAX
5766	TSPAN1
5767	TSPAN12
5768	TSPYL2
5769	TSSK2
5770	TSSK3
5771	TSSK4
5772	TTBK1
5773	TTC1
5774	TTC5
5775	TTF1
5776	TTF2
5777	TTK
5778	TTN
5779	TTR
5780	TTRAP
5781	TTYH2
5782	TUB
5783	TUBA1A
5784	TUBA1B
5785	TUBA1C
5786	TUBA3C
5787	TUBA3D
5788	TUBA3E
5789	TUBA4A
5790	TUBA4B
5791	TUBA8
5792	TUBAL3
5793	TUBB
5794	TUBB1
5795	TUBB2A
5796	TUBB2B
5797	TUBB2C
5798	TUBB3
5799	TUBB4
5800	TUBB4Q
5801	TUBB6
5802	TUBBP3
5803	TUBG1
5804	TUFM
5805	TULP3
5806	TULP4
5807	TWIST1
5808	TWSG1
5809	TXK
5810	TXLNA
5811	TXN
5812	TXNIP
5813	TXNL4A
5814	TXNRD1
5815	TXNRD2
5816	TYK2
5817	TYMP
5818	TYMS
5819	TYR
5820	TYRO3
5821	TYROBP
5822	TYRP1
5823	U2AF1
5824	U2AF2
5825	UACA
5826	UBA1
5827	UBA3
5828	UBA5
5829	UBA52
5830	UBA7
5831	UBB
5832	UBC
5833	UBE2A
5834	UBE2B
5835	UBE2C
5836	UBE2D1
5837	UBE2D2
5838	UBE2D3
5839	UBE2E1
5840	UBE2E2
5841	UBE2F
5842	UBE2G1
5843	UBE2G2
5844	UBE2I
5845	UBE2L3
5846	UBE2L6
5847	UBE2M
5848	UBE2N
5849	UBE2S
5850	UBE2T
5851	UBE2V1
5852	UBE2V2
5853	UBE3A
5854	UBE3C
5855	UBE4A
5856	UBE4B
5857	UBL4A
5858	UBL4B
5859	UBQLN1
5860	UBQLN2
5861	UBR1
5862	UBR5
5863	UBTD2
5864	UBTF
5865	UBXN1
5866	UBXN6
5867	UCHL1
5868	UCHL5
5869	UCN
5870	UCN2
5871	UCN3
5872	UCP1
5873	UCP2
5874	UCP3
5875	UFD1L
5876	UGCG
5877	UGT1A6
5878	UGT2B4
5879	UHMK1
5880	UHRF1
5881	UHRF1BP1
5882	UHRF2
5883	UIMC1
5884	ULBP1
5885	ULBP2
5886	ULBP3
5887	ULK1
5888	ULK2
5889	ULK3
5890	UNC119
5891	UNC13B
5892	UNC45A
5893	UNC5A
5894	UNC5B
5895	UNC5C
5896	UNC5CL
5897	UNC5D
5898	UPF2
5899	UPF3B
5900	UPK3A
5901	URI1
5902	USF1
5903	USF2
5904	USP1
5905	USP11
5906	USP14
5907	USP18
5908	USP2
5909	USP28
5910	USP6NL
5911	USP7
5912	USP8
5913	UTP18
5914	UTRN
5915	UTS2
5916	UTS2R
5917	UXT
5918	VAMP1
5919	VAMP2
5920	VAMP3
5921	VANGL1
5922	VANGL2
5923	VAPA
5924	VASP
5925	VAV1
5926	VAV2
5927	VAV3
5928	VCAM1
5929	VCAN
5930	VCL
5931	VCP
5932	VDAC1
5933	VDAC2
5934	VDR
5935	VEGFA
5936	VEGFB
5937	VEGFC
5938	VHL
5939	VHLL
5940	VIL1
5941	VIM
5942	VIP
5943	VIPR1
5944	VIPR2
5945	VLDLR
5946	VN1R1
5947	VPS24
5948	VPS25
5949	VPS28
5950	VPS36
5951	VPS37A
5952	VPS37B
5953	VPS37C
5954	VPS37D
5955	VPS39
5956	VPS4A
5957	VPS4B
5958	VRK1
5959	VRK2
5960	VRK3
5961	VSNL1
5962	VTA1
5963	VTN
5964	VTNR
5965	VUR
5966	VWA1
5967	VWCE
5968	VWF
5969	VWFP
5970	WARS
5971	WAS
5972	WASF1
5973	WASF2
5974	WASF3
5975	WASL
5976	WDR12
5977	WDR45B
5978	WDR48
5979	WDR77
5980	WEE1
5981	WEE2
5982	WG
5983	WHSC1
5984	WHSC2
5985	WIF1
5986	WIPF1
5987	WISP1
5988	WNK1
5989	WNK4
5990	WNT1
5991	WNT10A
5992	WNT10B
5993	WNT11
5994	WNT16
5995	WNT2
5996	WNT2B
5997	WNT3
5998	WNT3A
5999	WNT4
6000	WNT5A
6001	WNT5B
6002	WNT6
6003	WNT7A
6004	WNT7B
6005	WNT8A
6006	WNT8B
6007	WNT9A
6008	WNT9B
6009	WRAP53
6010	WRN
6011	WSN
6012	WT1
6013	WT2
6014	WWOX
6015	WWP1
6016	WWTR1
6017	XAB2
6018	XAF1
6019	XBP1
6020	XCL1
6021	XCL2
6022	XCR1
6023	XDH
6024	XIAP
6025	XIST
6026	XPA
6027	XPC
6028	XPO1
6029	XPO5
6030	XPR1
6031	XRCC1
6032	XRCC4
6033	XRCC5
6034	XRCC6
6035	YAP1
6036	YARS
6037	YBX1
6038	YEATS4
6039	YES1
6040	YKT6
6041	YWHAB
6042	YWHAE
6043	YWHAG
6044	YWHAH
6045	YWHAQ
6046	YWHAZ
6047	YY1
6048	ZAK
6049	ZAP70
6050	ZBED1
6051	ZBP1
6052	ZBTB16
6053	ZBTB17
6054	ZBTB18
6055	ZBTB32
6056	ZBTB33
6057	ZBTB4
6058	ZBTB44
6059	ZBTB5
6060	ZBTB7A
6061	ZBTB7B
6062	ZC3H12A
6063	ZC3H7A
6064	ZCCHC10
6065	ZCCHC11
6066	ZCCHC12
6067	ZCCHC2
6068	ZCCHC8
6069	ZCRB1
6070	ZDHHC11
6071	ZEB1
6072	ZEB2
6073	ZFAND5
6074	ZFHX3
6075	ZFP36
6076	ZFP36L1
6077	ZFPM1
6078	ZFPM2
6079	ZFYVE20
6080	ZFYVE9
6081	ZG16B
6082	ZHX1
6083	ZHX2
6084	ZIC2
6085	ZIC3
6086	ZIC4
6087	ZIM2
6088	ZMAT2
6089	ZMAT3
6090	ZMIZ1
6091	ZMIZ2
6092	ZMYM3
6093	ZMYM4
6094	ZMYND10
6095	ZMYND11
6096	ZMYND8
6097	ZNF148
6098	ZNF160
6099	ZNF184
6100	ZNF197
6101	ZNF202
6102	ZNF213
6103	ZNF217
6104	ZNF221
6105	ZNF223
6106	ZNF224
6107	ZNF248
6108	ZNF259
6109	ZNF274
6110	ZNF277
6111	ZNF280D
6112	ZNF295
6113	ZNF318
6114	ZNF319
6115	ZNF32
6116	ZNF345
6117	ZNF346
6118	ZNF384
6119	ZNF385A
6120	ZNF396
6121	ZNF397
6122	ZNF410
6123	ZNF414
6124	ZNF420
6125	ZNF461
6126	ZNF471
6127	ZNF485
6128	ZNF496
6129	ZNF502
6130	ZNF519
6131	ZNF521
6132	ZNF565
6133	ZNF597
6134	ZNF606
6135	ZNF626
6136	ZNF652
6137	ZNF653
6138	ZNF655
6139	ZNF671
6140	ZNF692
6141	ZNF746
6142	ZNF765
6143	ZNF784
6144	ZNF81
6145	ZNFX1
6146	ZNRD1
6147	ZRANB2
6148	ZSCAN1
6149	ZSCAN18
6150	ZW10
6151	ZYX
6152	ZZEF1
