IRF1	CEACAM1
IRF1	TAP1
IRF1	IL10
IRF1	EIF2AK2
IRF1	CASP7
IRF1	SOCS1
IRF1	CDK2
IRF1	IL27
IRF1	CIITA
IRF1	PSMB9
IRF1	HLA-A
IRF1	DST
IRF1	CYBB
IRF1	FOXP3
IRF1	IFIT3
IRF1	IFNB1
IRF1	TNFSF10
IRF1	DDX58
IRF1	CD40
IRF1	CXCL10
GATA2	GATA1
GATA2	NOS3
GATA2	GPR146
GATA2	LYL1
GATA2	GULP1
GATA2	VWA5A
GATA2	MYC
GATA2	CCM2
GATA2	FOXO3
GATA2	CCRL2
GATA2	EPO
GATA2	AMOTL1
GATA2	PPP1R15A
GATA2	HTR5A
GATA2	ADH1A
GATA2	FDPS
GATA2	EFCAB2
GATA2	CYBB
GATA2	APEX1
GATA2	MS4A2
GATA2	TGFB2
GATA2	AR
GATA2	PSD4
GATA2	FCER1A
GATA2	CTSH
GATA2	PNPLA8
GATA2	PLSCR2
GATA2	SGK1
GATA2	WT1
GATA2	PPARG
GATA2	TNFAIP8L1
GATA2	ARRDC4
GATA2	HMGB1
GATA2	ICAM4
NFIL3	IL1B
CTCF	CIDEB
TP53	AFP
HNF4A	AFP
NFKB1	CCL11
RELA	CCL11
ETS1	SLC26A3
CEBPG	SFTPD
CEBPB	SFTPD
CEBPA	SFTPD
NANOG	CDC25A
E2F1	CDC25A
E2F4	CDC25A
HMGA1	CDC25A
RELA	SLC25A27
TP53	PLK1
E2F1	PLK1
E2F3	PLK1
E2F4	PLK1
E2F2	PLK1
ZBTB7A	PFKP
KLF4	PFKP
E2F1	MT1G
TCF3	CDK6
TCF3	CR2
TCF3	BBC3
NFYA	ACTB
NFYB	ACTB
SRF	ACTB
PPARG	GK
MITF	OCA2
TP53	CHEK1
SP1	CD97
SP3	CD97
STAT1	CLIC2
TP53	PIAS3
E2F1	HELLS
USF2	IGF2R
CTCF	COMMD2
GATA1	ALAS2
GATA1	HEMGN
GATA1	AGGF1
GATA1	EPO
GATA1	PF4
GATA1	GP6
GATA1	CYBB
GATA1	TBXA2R
MYC	NUP155
ATF3	SELE
NFKB1	SELE
REL	SELE
RELA	SELE
USF1	SLC22A2
AR	PRKCD
NR2F1	CYP19A1
NR2F1	EPO
NR2F1	LHCGR
TWIST1	NR2F1
NR2F1	APOA2
TWIST2	NR2F1
NR2F1	APOC3
TP53	TP53I3
RXRA	ABCC3
SP1	ABCC3
NFIA	CDKN1A
EGR1	CDKN1A
TFAP2A	CDKN1A
MYC	CDKN1A
FOXO1	CDKN1A
SMAD1	CDKN1A
ESR1	CDKN1A
TP63	CDKN1A
STAT1	CDKN1A
CEBPB	CDKN1A
KLF4	CDKN1A
RARA	CDKN1A
TP53	CDKN1A
E2F1	CDKN1A
E2F3	CDKN1A
AR	CDKN1A
CEBPA	CDKN1A
SOX9	CDKN1A
SP1	CDKN1A
RELA	CDKN1A
SP3	CDKN1A
PPARG	CDKN1A
SMAD4	CDKN1A
TP73	CDKN1A
STAT3	CDKN1A
KLF10	CDKN1A
JUN	CDKN1A
TFAP2C	CDKN1A
SMAD3	CDKN1A
SP1	CYP27A1
SP3	CYP27A1
ARNTL	PER1
CLOCK	PER1
USF2	CEACAM1
USF1	CEACAM1
HNF4A	CEACAM1
NR5A1	CYP11A1
MYC	CXCR4
USF2	CXCR4
RELA	CXCR4
SNAI2	CXCR4
USF1	CXCR4
YY1	CXCR4
HIF1A	CXCR4
ESR1	CTNNB1
TP53	CTNNB1
TCF7L2	CTNNB1
STAT1	FCGR1A
STAT5B	FCGR1A
SREBF2	PCSK9
HNF4A	PCSK9
RELA	CRHR1
CTCF	CCL16
JUND	SOX4
SOX4	NCAM1
SOX4	HDAC8
HIF1A	ALAS2
MYC	EXOSC8
EGR1	F3
NFKB1	F3
RELA	F3
STAT1	FBXO5
E2F1	FBXO5
E2F4	FBXO5
WT1	PDGFA
SP1	EPOR
GLI2	FOXE1
CEBPA	SOCS3
STAT3	SOCS3
STAT4	SOCS3
NRF1	CAPNS1
EGR1	MMP14
NFKB1	MMP14
SP1	MMP14
RELA	MMP14
NFKB2	SELP
SP1	SLC19A3
SP3	SLC19A3
GLI1	SFRP1
NFKB1	TNFAIP3
REL	TNFAIP3
RELA	TNFAIP3
SP1	GAST
SOX10	GJB1
PAX4	INS
TP53	CASP1
ETS1	TGFBR2
FLI1	TGFBR2
SP1	TGFBR2
GLI2	IFNGR1
HNF1A	UGT1A1
NR1I3	UGT1A1
STAT6	IL4
STAT6	RHOA
STAT6	ALOX15
STAT6	SLC26A4
STAT6	CCL17
EGR1	SLC4A2
NFKB1	SERPINA3
SOX10	RET
YY1	DNAJB4
NFKB1	NOD2
FOS	CLU
NFKB1	ICAM1
ETS2	ICAM1
NFATC1	ICAM1
STAT1	ICAM1
RARA	ICAM1
NFKBIA	ICAM1
RARG	ICAM1
ERG	ICAM1
RELA	ICAM1
SOX9	MIA
ETS1	BMP4
ETS1	CSF3R
SPI1	CSF3R
ETS2	CSF3R
CEBPB	CSF3R
CEBPA	CSF3R
HNF4A	ABCG8
IRF2	TAP1
TFAP2C	SULT1E1
SP1	UGT1A4
E2F1	GMNN
E2F4	GMNN
NFYA	FDPS
NFYA	FXR2
NFYA	SP3
CTCF	GPR156
CTCF	TNFRSF18
TP53	PDGFRB
SOX9	RGR
FOS	NEFL
NFATC2	FOXP3
STAT1	ZC3HAV1
ETS1	CHUK
TP53	CHUK
MYC	FASN
KLF5	FASN
NFKB1	CD86
STAT1	CD86
RELA	CD86
ETS2	CHRNE
GLI2	UGCG
IRF7	IFNA2
NFKB1	TRAF2
RELA	TRAF2
HNF1A	FGL1
ATF4	DDIT4
NFKB1	NOS3
ATF2	NOS3
KLF2	NOS3
SP1	NOS3
RELA	NOS3
SP3	NOS3
GATA4	NOS3
MYC	DDX18
SPI1	CTSS
MYC	HMGN2
ESR1	NQO1
NFE2L2	NQO1
JUN	NQO1
E2F1	KIR3DL1
STAT3	IL21
MYC	RPL32
CREB1	PLAT
ATF2	PLAT
JUN	PLAT
CREB1	BDNF
CREB1	MUC4
CREB1	IL10
CREB1	UXT
CREB1	IL2
CREB1	MITF
CREB1	NOLC1
CREB1	CYP19A1
CREB1	BCL2
CREB1	PTGS2
CREB1	SLC20A1
CREB1	ETV3
CREB1	HMOX1
CREB1	IFNG
CREB1	CDK11A
CREB1	PPP2CA
CREB1	PSEN1
CREB1	CD4
CREB1	IL6
CREB1	PCSK1
CREB1	MUC5AC
CREB1	JUN
ASCL1	PCSK6
HES1	ASCL1
REST	BDNF
ATF1	IL10
ATF1	MAP1LC3B
ATF1	SLC20A1
ATF1	CFTR
ATF1	TGFB2
ATF1	CCNA1
ATF1	PCSK1
SREBF1	CETP
SP1	CETP
YY1	CETP
DNMT1	TIMP3
DNMT1	MSH2
STAT5A	PRF1
STAT1	PRF1
STAT3	PRF1
STAT5B	PRF1
STAT4	PRF1
ESR1	OXT
TP53	CHEK2
SALL4	ZEB1
SALL4	ABCA3
NFKB1	THBD
KLF4	THBD
RARA	THBD
KLF2	THBD
SP1	THBD
RELA	THBD
STAT1	MUC4
E2F1	MUC4
STAT3	MUC4
ETV4	MUC4
NFKB1	IL10
STAT1	IL10
VDR	IL10
MSC	IL10
SP1	IL10
STAT3	IL10
CTCF	MRPL17
ETS1	RAD51
TP53	RAD51
E2F1	RAD51
E2F4	RAD51
EGR1	IL2
EGR1	PTP4A1
EGR1	COL2A1
EGR1	FN1
EGR1	EAPP
EGR1	TMPO
EGR1	PTEN
EGR1	LDLR
EGR1	CD44
EGR1	PDGFB
EGR1	PTGS2
EGR1	VEGFA
EGR1	PTGES
EGR1	IL3
EGR1	SOD1
EGR1	CHGA
EGR1	EGFR
EGR1	IGF2
EGR1	ACE
EGR1	SLC9A3
EGR1	CAT
EGR1	CD19
EGR1	TNF
EGR1	UBE2S
EGR1	APOA1
EGR1	FAS
EGR1	HYAL1
EGR1	BCAR1
EGR1	NAB2
EGR1	ABCB1
EGR1	STIM1
EGR1	FCER2
EGR1	GDF15
EGR1	LMTK2
EGR1	EP300
EGR1	CYP2B6
EGR1	PLAUR
EGR1	CCND1
EGR1	PCSK2
EGR1	RBL2
EGR1	IL6
EGR1	SYN1
EGR1	WNT4
EGR1	ALOX5
EGR1	FGF2
EGR1	PDGFC
EGR1	TCF4
EGR1	LHB
EGR1	PLAU
EGR1	HSD11B2
EGR1	CDK5R1
SPI1	CLEC4G
E2F1	MCPH1
MYC	SRSF1
MYC	UXT
NFKB1	CSF1
STAT1	CSF1
RELA	CSF1
MYC	RPL23
MITF	ACP5
SPI1	ACP5
CTCF	C1R
EPAS1	FLT1
EPAS1	VEGFA
RELA	EPAS1
YY1	EPAS1
EPAS1	CA9
EPAS1	SERPINE1
SREBF1	ACLY
SREBF1	LDLR
SREBF1	NPC1
SREBF1	SCD
SREBF1	ACACA
SREBF1	FDPS
SREBF1	NR0B2
SREBF1	PCYT2
SREBF1	SLC2A4
SREBF1	IRS2
NR1H2	SREBF1
SREBF1	HMOX1
RXRA	SREBF1
SREBF1	HMGCS1
SP1	SREBF1
NR1H3	SREBF1
SREBF1	FDFT1
SREBF1	INSIG1
SREBF1	LRP1
SREBF1	HMGCR
SREBF1	SQLE
SREBF1	SCD5
SREBF1	PIK3R3
SREBF2	PON1
E2F1	KIF23
ZEB2	MEOX2
MAF	IL4
CEBPB	IL4
POU2F1	IL4
TBX21	IL4
MYC	THBS1
SNAI1	THBS1
USF2	THBS1
TP53	THBS1
E2F1	THBS1
WT1	THBS1
FOXO3	GALT
CTCF	GALT
NFE2L2	GSTA1
E2F4	TTK
ATF2	RB1
TP53	RB1
E2F1	RB1
SP1	RB1
CTCF	ABCA2
MYC	NME1
TP53	NME1
E2F1	SIAH1
FOXP2	CNTNAP2
FOXP2	PLAUR
FOXP2	MET
STAT1	PRKCE
SP1	PRKCE
FOSL2	CCR4
FOSL2	UGT2B15
FOSL2	MMP13
FOSL2	BCL6
FOSL2	FOSL1
FOSL2	BRCA1
FOSL2	NOS2
RFX1	PCNA
RFX1	MYC
RFX1	COL1A2
NFKB1	RIPK2
RELA	RIPK2
YY1	RANBP10
SRF	SAMD4A
GLI2	PCNA
MYC	PCNA
TP53	PCNA
E2F1	PCNA
TFDP1	PCNA
LEF1	ELANE
CEBPA	ELANE
TFAP2A	TAF7
TFAP2A	NME3
TFAP2A	BCL2
TFAP2A	CRABP2
TFAP2A	VEGFA
TFAP2A	SLC19A1
TFAP2A	ACHE
TFAP2A	PRKCA
TFAP2A	KRT5
TFAP2A	ERBB2
TFAP2A	HOXA4
TFAP2A	IGFBP5
TFAP2A	HGF
TFAP2A	HSD17B1
TFAP2A	CDH1
NR2F6	LHCGR
ESRRA	NR2F6
ETS1	IL2
NFKB1	IL2
FOXP3	IL2
RELA	IL2
RUNX1	IL2
POU2F1	IL2
CREM	IL2
JUN	IL2
GLI2	FGF13
GLI2	BCL2
GLI2	WNT2B
GLI2	FST
GLI2	COL5A2
GLI2	FAS
GLI2	LUM
GLI2	GLI1
GLI2	EFEMP1
GLI2	PTCH1
SOX10	MITF
MITF	CTSK
MITF	BCL2
MITF	DCT
MITF	KIT
MITF	PPARGC1A
MITF	CDK2
MITF	MLANA
MITF	BEST1
MITF	CLCN7
MITF	CDKN2A
MITF	RAB27A
MITF	BIRC7
MITF	BCL2A1
MITF	APEX1
MITF	TRPM1
MITF	GPR143
MITF	MET
MITF	DIAPH1
PAX3	MITF
MITF	PMEL
MITF	TYR
MITF	GPNMB
MITF	TYRP1
MITF	SERPINF1
FOXA1	HSPA1A
SP1	TAF7
ESR1	GREB1
HNF4A	FABP2
NFIC	SLC34A2
FOXO3	TXNIP
FOXO1	TXNIP
MYC	CCNE1
E2F1	CCNE1
TFDP1	CCNE1
CEBPA	CRMP1
SP1	CRMP1
YY1	RPRD2
TP53	MAD1L1
TP53	HRAS
SP1	HRAS
E2F1	NPAT
E2F4	NPAT
FOXM1	CDC25B
LYL1	ERG
ZEB1	PKP3
ZEB1	GRHL2
ZEB1	SPRR1B
ZEB1	CDH1
PGR	HLTF
NFKB1	FIGF
RELA	FIGF
HIF1A	GAPDH
USF1	APOA5
STAT1	UBR1
SOX9	NKX3-2
SP1	HPR
NFKB1	CXCL8
CEBPB	CXCL8
RELA	CXCL8
NFKB2	CXCL8
JUN	CXCL8
NR5A1	SRY
SREBF2	ACLY
CREM	CD247
FLI1	EYA3
MYC	HSPD1
ETS1	FLT1
TP53	FLT1
E2F1	FLT1
MYC	RPL22
MYC	CCND2
FOXO3	CCND2
STAT5A	CCND2
FOXO1	CCND2
NFKB1	CCND2
BCL6	CCND2
SP1	CCND2
NFKB2	CCND2
SMAD3	CCND2
SP1	COL2A1
RELA	COL2A1
SP3	COL2A1
LEF1	MMP7
ETV4	MMP7
TCF7L2	MMP7
JUN	MMP7
NFKB1	VCAM1
RELA	VCAM1
POU2F1	VCAM1
JUN	VCAM1
STAT1	ETV7
TFCP2	TF
HNF1A	UGT1A6
SP1	UGT1A6
ETS1	GRPR
E2F1	CDC45
STAT1	IFI35
E2F1	MCM10
E2F4	MCM10
CTCF	MCM10
E2F2	MCM10
FLI1	MPL
NFKB1	FN1
RELA	FN1
STAT1	NOX5
STAT3	NOX5
JUN	NOX5
AR	SCAP
ATF3	ID1
FOXO1	DUSP4
HNF1A	IGFBP1
FOXO1	IGFBP1
HOXA10	IGFBP1
HNF1A	INS
KLF11	INS
ATF2	INS
PDX1	INS
ETS1	LCK
MYB	LCK
NFKB1	SERPINB1
ETS1	KIAA1524
FOXO1	DAAM1
ESR1	CRH
FOXO4	PPARGC1A
FOXO4	BCL6
FOXO4	TNFSF10
FOXO4	RBL2
FOXO4	SOD2
CTCF	RBM39
CTCF	GAS7
E2F1	B4GALT1
SP1	B4GALT1
MYC	H2AFZ
SP1	EAPP
SP3	EAPP
ETS1	ANPEP
ETS1	IL5
ETS1	MDM2
ETS1	FOXD1
ETS1	ECE1
ETS1	MMP9
ETS1	PF4
ETS1	MMP13
ETS1	MMP1
ETS1	GP9
ETS1	TNC
ETS1	IL3
ETS1	TNFSF14
ETS1	GP6
ETS1	TBXAS1
ETS1	IL2RB
ETS1	CSF2
ETS1	TERT
ETS1	FAS
ETS1	ABCB1
ETS1	ERG
ETS1	ZNF175
ETS1	CDK11A
ETS1	MGAT5
ETS1	CSNK2A1
ETS1	BAX
ETS1	ANGPT2
ETS1	CCND1
ETS1	NDRG1
ETS1	PRL
ETS1	CD3D
ETS1	PARP1
ETS1	PTHLH
ETS1	VWF
ETS1	TBXA2R
ETS1	CD8A
SP100	ETS1
NFKBIA	PON2
MYC	CDK6
NANOG	CDK6
SP1	CDK6
RELA	CDK6
NFKB2	CDK6
NR3C1	CDK6
E2F1	TOP1
ATF3	LDLR
ATF3	GCLC
ATF3	ASNS
ATF3	DDIT3
KLF6	ATF3
ATF3	GDF15
ARNTL	CRY2
NR1D1	ARNTL
ARNTL	PER2
ARNTL	CRY1
ARNTL	BHLHE40
ARNTL	PER3
HNF1A	SLC22A9
HNF1A	CDH17
HNF1A	AKR1C4
HNF1A	APOH
HNF1A	UGT1A10
HNF1A	CYP3A4
HNF1A	ALB
HNF1A	CYP7A1
HNF1A	UGT1A8
HNF1A	SLC22A10
HNF1A	UGT2B7
HNF1A	PDX1
HNF1A	PROC
HNF1A	G6PC
HNF1A	IGF1
HNF1A	SLC2A2
HNF1A	UGT1A9
HNF1A	UGT2B17
NFKB1	NOLC1
RELA	NOLC1
MYC	DPY30
PBX1	VCP
ELF2	VCP
CTCF	KSR1
FOXO3	CBLB
STAT1	DCLRE1C
SOX10	DCT
SOX10	COL11A2
YY1	ZNF615
STAT5A	BCL2L1
NFKB1	BCL2L1
TP53	BCL2L1
RELA	BCL2L1
STAT3	BCL2L1
PAX3	BCL2L1
STAT5B	BCL2L1
MYC	CCT5
TP53	SLC2A1
HIF1A	SLC2A1
NFIC	C4BPB
STAT1	ZNF655
CEBPA	HSD17B11
ETS2	ANPEP
PPARA	CPT1A
GLI1	IGFBP6
CEBPB	TNFAIP6
FOXO1	AGRP
MYC	HDAC2
MYC	PPID
MYC	HSPE1
MYC	RPS15A
MYC	MST1
MYC	BCL2
MYC	LAMP1
MYC	NCL
MYC	SNRPD3
MYC	PSMG1
MYC	CDKN2B
MYC	CKS2
MYC	TFRC
MYC	HSPA9
MYC	SRM
MYC	ENO1
MYC	WRN
MYC	ALDH9A1
MYC	RPS19
MYC	VEGFA
MYC	THRAP3
MYC	CDC25C
MYC	LTA4H
MYC	CSDE1
MYC	JUNB
MYC	HLA-F
MYC	HSPA4
MYC	POLE3
MYC	EIF3C
MYC	TFAP4
MYC	SNRPB
MYC	RPL13
MYC	AIMP2
MYC	RPL3
MYC	HERC5
MYC	PMAIP1
MYC	NME2
MYC	MTHFD1
MYC	FASLG
MYC	HNRNPA1
MYC	RCC1
MYC	METTL1
MYC	APEX1
MYC	TERT
MYC	PRDX3
MYC	TRAP1
MYC	RPL26
MYC	CCNA2
MYC	HNRNPA2B1
MYC	ZFP36L1
MYC	NPM1
MYC	MNT
MYC	RPS16
MYC	HSP90AA2P
MYC	MSN
MYC	DUSP1
MYC	ODC1
MYC	GADD45A
MYC	MGST1
MYC	TYMS
MYC	CDK4
MYC	RPL19
MYC	BRD7
MYC	BRCA1
MYC	GTF2H2
MYC	DLEU1
MYC	RPL10
MYC	CCNB1
MYC	CBX3
MYC	MSH2
MYC	NAP1L1
MYC	LDHA
MYC	CCND1
MYC	NDRG1
MYC	RPS20
MYC	CFLAR
MYC	RPL6
MYC	SCARB1
MYC	ASS1
MYC	GNL3
MYC	NOP56
MYC	PPAT
MYC	SLC25A3
MYC	EIF4B
MYC	PPIF
MYC	UBE2C
MYC	PPP2R4
MYC	EIF4E
MYC	YBX3
MYC	DDX5
MYC	ST3GAL1
MYC	RFC2
MYC	NOL7
MYC	RPL27
MYC	SMN1
MYC	PHB
MYC	CAD
MYC	HSPA8
STAT4	MYC
MYC	RARB
CTCF	HEBP2
E2F6	APAF1
TP53	APAF1
E2F1	APAF1
FLI1	IGFBP3
FLI1	ID2
FLI1	GP9
FLI1	GP6
FLI1	TERT
FLI1	ERG
ESR1	KRT19
SP1	KRT19
ATF6	HSP90B1
HIF1A	HSP90B1
FOXO1	PDK4
E2F1	PDK4
SPI1	NCF2
IRF8	NCF2
PPARG	CD36
TP53	PEG3
E2F1	CASP7
ZNF202	POMGNT1
ZNF202	ABCA1
NFKB1	COL1A2
RFX5	COL1A2
RELA	COL1A2
AR	KLK4
PPARG	PLIN2
E2F1	RASGEF1B
SP1	TMPO
TCF4	NRXN1
NFKB1	TRAF1
RELA	TRAF1
PGR	CYP19A1
NFKB1	CYP19A1
ESR1	CYP19A1
USF2	CYP19A1
CEBPB	CYP19A1
ESRRA	CYP19A1
FOXL2	CYP19A1
NR5A1	CYP19A1
CEBPD	CYP19A1
USF1	CYP19A1
JUN	CYP19A1
RUNX3	ICAM3
SPI1	IL5
ETS2	IL5
GATA3	IL5
NFATC1	IL5
YY1	IL5
GATA4	IL5
ESR1	KDR
SP4	KDR
E2F1	KDR
SP1	KDR
SP3	KDR
HEY1	KDR
E2F1	CCND3
STAT3	CCND3
JUN	CTSL
TP53	PTEN
RBPJ	PTEN
PPARG	PTEN
NFKB1	PTAFR
TP53	IGFBP3
VDR	IGFBP3
SP1	IGFBP3
SP3	IGFBP3
NCOR1	IGFBP3
STAT1	OPRM1
SP1	OPRM1
SP3	OPRM1
YY1	OPRM1
REST	OPRM1
FOXO3	STK11
FOXO3	FOXO1
FOXO3	SIRT1
FOXO3	CDKN2B
FOXO3	CDKN2D
FOXO3	JAK1
FOXO3	CITED2
FOXO3	FASLG
FOXO3	BCL2L11
FOXO3	GADD45A
FOXO3	BNIP3L
FOXO3	TNFSF10
FOXO3	CCNG2
FOXO3	CCND1
FOXO3	PINK1
FOXO3	SOD2
FOXO3	PLAU
SP1	STK11
FOXO1	CDKN1B
ESR1	CDKN1B
VDR	CDKN1B
SP1	CDKN1B
POU5F1	LEFTY1
TP53	SSTR2
SP1	SOCS1
HIF1A	SOCS1
STAT3	SOCS1
SREBF2	LDLR
SP1	LDLR
HNF4A	LDLR
YY1	LDLR
E2F1	POLA1
HIF1A	ZNF217
SP1	AGTR1
ETV4	AGTR1
LHX4	POU1F1
POU1F1	GHR
POU1F1	PRL
CTCF	POU1F1
IRF9	IL27
IRF9	PML
STAT1	IRF9
IRF9	IFIT3
NFKB1	CD80
CTCF	CD80
GFI1	BAX
TP53	NFATC4
CTCF	STAB2
TP53	SERPINB5
AR	SERPINB5
SREBF2	NPC1L1
HNF4A	NPC1L1
STAT3	GFAP
RUNX2	IBSP
SP1	HIST1H4A
FOXD3	ZNF175
JUND	CCR4
FOXP3	CCR4
TP53	PRKAB1
MYB	GSTM1
TP53	SLC6A6
PGR	BCL2
NFKB1	BCL2
ESR1	BCL2
PAX5	BCL2
TCF7	BCL2
TP53	BCL2
E2F1	BCL2
CEBPA	BCL2
SP1	BCL2
GLI1	BCL2
RELA	BCL2
PPARG	BCL2
FOXA1	BCL2
MYB	BCL2
STAT3	BCL2
E2F6	RBBP4
SP1	HSD3B1
PAX5	CD79A
ETS2	MDM2
NR4A1	MDM2
TFAP4	MDM2
TP53	MDM2
E2F1	MDM2
TP53	EPHA2
HIC1	EPHA2
RARA	NR1I3
FOXO1	TMEM47
SMAD4	COL7A1
SMAD3	COL7A1
NFE2L2	GCLC
SP1	GCLC
STAT1	CCR1
SP1	ADA
NR5A1	CYP11B2
MYCN	NES
CTCF	NES
TP53	TRIM22
CTCF	NPC1
CTCF	RBMS3
SPI1	TLR4
SPI1	FPR1
SPI1	PARG
SPI1	ITGB2
SPI1	RNASE2
SPI1	CYBB
SPI1	IFIT3
SPI1	ITGAX
SPI1	CTSE
SPI1	IL1B
SPI1	FCER1A
SPI1	ITGAM
SPI1	CXCR1
SPI1	CTSG
SPI1	PTGIR
SPI1	CD40
SPI1	CD68
SPI1	MACROD1
CTCF	DIP2B
REST	CARTPT
SP1	CXCL5
HIF1A	BNIP3
WT1	PODXL
CEBPB	SLC10A1
NR1H2	ABCG1
NR1H3	ABCG1
SP1	PPL
NFKB2	CCL21
RELB	CCL21
E2F1	NCOA3
LEF1	DCT
CTCF	ZNF804B
SNAI1	HBEGF
SNAI1	CDH1
CDX2	SLC15A1
SOX2	NTRK3
GATA3	EPO
SP1	EPO
SMAD4	EPO
HIF1A	EPO
ARNT	EPO
SMAD3	EPO
SP1	CD44
TCF7L2	CD44
SP1	CTGF
TP53	IGF1R
AR	IGF1R
WT1	IGF1R
SP3	MSH6
STAT1	ELP3
E2F1	HSPA5
YY1	HSPA5
CTCF	HSPA5
CEBPA	ADH1B
SP1	APP
CTCF	APP
AHR	CYP1A1
SMAD2	AHR
AHR	CYP1B1
STAT5A	IL6ST
STAT1	IL6ST
STAT3	IL6ST
STAT5B	IL6ST
STAT1	KIF2A
HOXA10	PHGDH
USF2	P4HA1
USF1	P4HA1
YY1	CCDC43
REL	EPHB2
E2F1	ULK1
HOXA5	PGR
HOXA5	PTN
STAT5A	MYD88
STAT5A	BCL6
STAT5A	IFNG
STAT5A	LONP1
STAT5A	MUC1
E2F1	PLK4
E2F2	PLK4
NFKB1	PDGFB
SP1	LHCGR
KLF6	LTC4S
SP1	LTC4S
SP3	LTC4S
NFKB1	EBI3
RELA	EBI3
NFKB1	MMP9
ETS2	MMP9
FOS	MMP9
STAT1	MMP9
KLF6	MMP9
SP1	MMP9
RUNX3	MMP9
RELA	MMP9
PPARA	MMP9
PPARG	MMP9
SP2	MMP9
JUN	MMP9
SMAD3	MMP9
ESR1	UGT2B15
JUN	UGT2B15
STAT1	MAN1A1
FOXO1	CDKN2B
FOXO1	TIMP3
FOXO1	CDKN2D
FOXO1	CNOT8
FOXO1	MCM5
FOXO1	KLF2
FOXO1	ABCB1
FOXO1	CCNB2
FOXO1	RPS6KA3
FOXO1	TNFSF10
FOXO1	CCNB1
FOXO1	CCNG2
FOXO1	CCND1
FOXO1	PRL
FOXO1	DAPK1
FOXO1	CNR1
TSC22D3	FOXO1
FOXO1	CDKN1C
POU5F1	ID2
HIF1A	ID2
JUN	IL5RA
LRRFIP1	TNF
SOX9	PRAME
TFAP2C	CRABP2
STAT1	AIM2
GATA3	TEK
YY1	FGFR1OP
PRDM14	POU5F1
CLOCK	CRY2
SMAD1	SPP1
SMAD1	ID3
GLI1	SLIT2
JUND	MMP13
JUND	FOSL1
JUND	ITGAV
JUND	TGFB1
JUND	GADD45A
JUND	MYB
JUND	NOS2
STAT1	LAP3
TAL1	NFKB1
NFKB1	TNFRSF10B
NFKB1	TFPI2
NFKB1	AGER
NFKB1	AMH
NFKB1	AKT1
NFKB1	KLK3
NFKB1	MMP13
NFKB1	CD58
NFKB1	XIAP
NFKB1	PTGS2
NFKB1	IL23A
NFKB1	VEGFA
NFKB1	IL12B
NFKB1	CXCL1
NFKB1	SAA2
NFKB1	TLR2
NFKB1	TIMP1
NFKB1	JUNB
NFKB1	CCL3
NFKB1	IL12A
NFKB1	CTSB
NFKB1	EGFR
ETV3	NFKB1
NFKB1	IL1A
NFKB1	HMOX1
NFKB1	CSF2
NFKB1	FASLG
NFKB1	GSTP1
NFKB1	B2M
NFKB1	BCL2A1
NFKB1	IL1RN
NFKB1	TFF3
NFKB1	CCL5
NFKB1	IFNG
NFKB1	TNF
NFKB1	FAS
NFKB1	CFTR
NFKB1	ABCB1
NFKB1	MMP2
NFKB1	IFNB1
NFKB1	IL1B
NFKB1	BIRC2
NFKB1	CDK4
NFKB1	MAT2A
NFKB1	CCR7
NFKB1	BIRC3
NFKB1	IL17C
NFKB1	IRF7
NFKB1	COL1A1
NFKB1	TNFSF10
NFKB1	PLAUR
NFKB1	CSNK2A1
NFKB1	FBP1
NFKB1	CCND1
NFKB1	BIRC5
NFKB1	CD40
NFKB1	ADORA1
NFKB1	CFLAR
NFKB1	PTHLH
NFKB1	IL6
NFKB1	IL18
NFKB1	SOD2
NFKB1	CRP
NFKB1	CD83
NFKB1	SERPINE1
NFKB1	ELF3
NFKB1	LPL
NFKB1	NOS2
NFKB1	BRCA2
NFKB1	CCL2
NFKB1	PLAU
NFKB1	HSD11B2
NFKB1	CD40LG
NFKB1	NOS1
NFKB1	IL2RA
NFKB1	CXCL10
RELA	PPARD
PPARD	ANGPTL4
CTCF	PPARD
PPARD	LPL
PPARD	SAT1
JUN	PPARD
IRF2	CIITA
FOS	SMAD7
SMAD7	CDK1
SMAD2	SMAD7
SMAD7	KRT14
SMAD4	SMAD7
SMAD7	MET
SMAD7	TGFBR1
JUN	SMAD7
SMAD3	SMAD7
TAL1	CD34
TAL1	ERG
TAL1	MYB
TAL1	ALDH1A2
FOXL2	SIRT1
HIC1	SIRT1
RELA	SIRT1
PPARG	NR1D1
RORA	NR1D1
AR	DHX15
STAT3	PIM1
USF2	PF4
USF1	PF4
NFYB	FXR2
E2F1	BMI1
RELA	OPTN
ESR1	PLAC1
ESR1	CRHBP
ESR1	VEGFA
ESR1	JUNB
ESR1	F12
ESR1	CYP1A1
ESR1	PMAIP1
TWIST1	ESR1
ESR1	TGFA
ESR1	TERT
ESR1	FOXP1
ESR1	BLM
ESR1	PTMA
ESR1	CYP2C19
ESR1	TFF1
ESR1	CD24
ESR1	CCND1
ESR1	ZFHX3
ESR1	NRF1
ESR1	SERPINE1
ESR1	HSPB1
ESR1	BTG2
ESR1	TAC3
ESR1	MACROD1
SP1	CERS2
CTCF	ALDH1A3
SP1	HTT
TP53	TNFRSF10B
DDIT3	TNFRSF10B
SP1	TNFRSF10B
RELA	TNFRSF10B
YY1	TNFRSF10B
TP53	MCM7
E2F1	MCM7
E2F3	MCM7
E2F4	MCM7
MYCN	MCM7
E2F2	MCM7
E2F4	LUC7L
USF2	CTSD
USF2	SLC19A1
USF2	PIGR
USF2	TOP3A
USF2	HMOX1
USF2	FMR1
USF2	TGFB1
USF2	B2M
USF2	TERT
USF2	TGFB2
USF2	CD2
USF2	ATP5A1
USF2	APC
USF2	ABCA1
USF2	HOXB4
USF2	CEACAM5
USF2	PDX1
PITX1	FSHB
PITX1	PRL
AR	TMPRSS2
RARA	SCD
CEBPA	SCD
NR3C2	ATP1B1
NR3C1	ATP1B1
PAX5	XBP1
PAX5	CD19
PAX5	BLK
ZNF224	ALDOA
E2F1	SKP2
SP1	SKP2
ETS2	CSF2
ETS2	ERG
ERF	ETS2
ETS2	MSR1
ETS2	CGA
ETS2	ANGPT2
ETS2	PTHLH
MYCN	MCM2
STAT1	INO80
LEF1	CD1D
HNF4A	CYP8B1
HBP1	NCF1
PLAG1	ABCC6
SPIB	IRF7
SPIB	CD40
GATA3	ERG
GATA3	IL12RB2
GATA3	FOXC1
GATA3	CD8A
GATA3	CDH1
GATA3	CD40LG
RELA	AGER
YY1	RNF40
HIF1A	TFRC
E2F4	KATNAL1
RUNX1	LGALS3
RUNX2	LGALS3
CTCF	DMKN
AR	AKR1C3
ELK1	FOSL1
ELK1	PSEN1
SP1	LRP5
KLF15	LRP5
TP53	CTSD
SP1	CTSD
MYCN	CTSD
USF1	CTSD
SP1	KRT16
JUN	KRT16
STAT3	PTPN13
SP1	IVL
E2F1	ATM
SP4	ERBB2
SP4	YY1
TP53	DCC
SMAD3	ANKRD1
SP1	MMP11
POU4F2	CCND1
STAT3	KLF11
PAX8	SLC5A5
PAX8	TP53
PAX8	E2F1
PAX8	TSHR
PAX8	NCAM1
PAX8	WT1
PAX8	TG
SP1	GJA1
JUN	GJA1
USF1	GATA5
TP53	PERP
E2F1	CDC6
E2F3	CDC6
E2F4	CDC6
AR	CDC6
E2F2	CDC6
FOXM1	CDC6
NR5A1	AMH
SOX9	AMH
RELA	AMH
WT1	AMH
RARA	HSD17B2
RXRA	HSD17B2
SP1	HSD17B2
SP3	HSD17B2
FOS	HSPH1
TP63	TCF4
CTCF	LRRC59
FOS	SRR
NFKB2	SND1
TP53	AKT1
AR	AKT1
RELA	AKT1
CTCF	AKT1
NFIC	SMUG1
HNF4A	SHBG
SREBF2	PCYT2
SREBF2	MTTP
SREBF2	STARD4
SREBF2	EBP
SREBF2	ACOT7
SREBF2	ABCA1
SREBF2	FDFT1
SREBF2	INSIG1
SREBF2	LRP1
SREBF2	HMGCR
SREBF2	SQLE
PPARG	LIPE
CEBPA	HAMP
STAT3	HAMP
HIF1A	ENO1
CTCF	ANKRD46
TP53	KLK3
FOXP1	KLK3
AR	KLK3
SP1	KLK3
RELA	KLK3
SP3	KLK3
HIF1A	KLK3
RREB1	KLK3
TP53	BAK1
TCF7	BIRC5
MAF	MMP13
STAT1	MMP13
YBX1	MMP13
JUN	MMP13
RUNX2	MMP13
RELA	CD58
E2F1	ZNF350
USF1	GCK
PDX1	GCK
ZNF267	MMP10
CTCF	MMP10
TP53	WRN
TP53	AIFM2
YY1	SRP68
E2F6	RBBP8
E2F6	DEPDC5
E2F6	BRCA1
HNF4A	GH1
YY1	RAVER1
YBX1	RBBP8
STAT3	ETV6
YY1	COQ9
CDX2	CDH17
PPARG	FABP4
SP1	XIAP
RELA	XIAP
STAT1	PTGS2
AR	PTGS2
SP1	PTGS2
RELA	PTGS2
PPARA	PTGS2
USF1	PTGS2
PPARG	PTGS2
ETV4	PTGS2
JUN	PTGS2
RELA	IL23A
STAT1	PML
TP53	PML
TP53	VEGFA
E2F1	VEGFA
AR	VEGFA
SP1	VEGFA
RELA	VEGFA
HIF1A	VEGFA
ATF4	VEGFA
JUN	VEGFA
SMAD3	VEGFA
VDR	IL12B
RELA	IL12B
JUN	IL12B
E2F1	TK1
E2F4	TK1
MYB	TK1
ELF3	SPRR2A
FOS	MMP1
MAZ	MMP1
JUN	MMP1
HSF1	BAG3
HBP1	MIF
SP1	MIF
HIF1A	MIF
YY1	PSMD8
HSF2	MAP2K4
HNF4G	AKR1C4
HNF4A	AKR1C4
LEF1	MYCBP
YY1	PRDM2
E2F1	MAP3K5
E2F3	MAP3K5
E2F4	MAP3K5
E2F2	MAP3K5
SP1	UTRN
SP3	UTRN
EN1	UTRN
E2F1	CDKN2C
E2F4	CDKN2C
SP1	CDKN2C
RELA	CXCL1
NFIC	MATN1
CEBPB	SAA2
RELA	SAA2
CTCF	ZNF763
ATF4	FGF21
REL	CSRP1
REL	IL1B
REL	BIRC3
REL	IL6
REL	CCL2
REL	IL2RA
SP1	BSG
E2F4	IKBKG
E2F1	MAP1LC3B
SMAD4	FSHB
LHX3	FSHB
PITX2	FSHB
SP1	ATP2A2
JUN	RHOB
FOXA2	APOA1
FOXA2	CFTR
FOXA2	PDX1
FOXA2	CDH1
CTCF	HMCN1
MAF	ITGB7
CTCF	ESRP2
RELA	TNC
SMAD4	TNC
JUN	TNC
SMAD3	TNC
NR5A2	CYP11B1
PROX1	NR5A2
STAT1	MYD88
CTCF	MYD88
STAT3	MYD88
SP1	EDNRB
HIF1A	EDNRB
SMAD4	DACH1
USF1	PTGDS
HES1	PTGDS
TFAP2B	PTGDS
POU2F1	HBG1
FOS	ERCC4
FOS	EZR
FOS	DDIT3
TWIST1	FOS
ELK4	FOS
FOS	FAS
FOS	CCND1
FOS	NOS2
FOS	ACTA1
TFAP2C	ECM1
BCL6	LITAF
STAT5B	BCL6
BCL6	HDAC7
E2F1	FBXO43
SRF	FOSL1
JUN	FOSL1
TP53	MGMT
E2F1	RRM2
NR3C1	CALD1
NR4A1	HSD3B2
NR5A1	HSD3B2
YY1	HSD3B2
TP53	IFI16
YY1	FDPS
HSF1	NAT1
NR2F2	POU5F1
CEBPD	POU5F1
POU5F1	TDGF1
HNF4G	CYP2D6
PKNOX1	PTPN6
RUNX1	IL3
STAT1	UPP1
STAT1	IFNA1
STAT1	CCL3
STAT1	CIITA
STAT1	IRF8
STAT1	BRD8
STAT1	HSP90AA1
STAT1	HMOX1
STAT1	KRT17
STAT1	MED16
STAT1	FCGRT
STAT1	VIP
STAT1	IFNG
STAT1	RPS24
STAT1	EDEM2
STAT1	PWP2
STAT1	CFTR
STAT1	SBNO2
STAT1	S100A10
STAT1	MVP
STAT1	IFNB1
STAT1	FGFR3
STAT1	DDX50
STAT1	IL1B
STAT1	SNRNP27
STAT1	EARS2
STAT1	IRF7
STAT1	EDN1
STAT1	NMI
STAT1	ATG4C
STAT1	CD40
STAT1	TLR3
STAT1	IL6
STAT1	VPS33B
STAT1	NR1H4
STAT1	GSTK1
STAT1	ZNF367
STAT1	AGFG2
STAT1	MUC1
STAT1	NOS2
STAT1	JAK2
STAT1	FGF2
STAT1	LY96
STAT1	CCL2
STAT1	HDAC7
STAT1	IL2RA
STAT1	HCFC1
STAT1	NAA35
STAT1	CXCL10
STAT1	MTMR9
STAT1	CDC7
YY1	ATP13A1
ATF2	IFNG
ATF2	TNF
ATF2	TGFB2
ATF2	MMP2
ATF2	IFNB1
ATF2	CCND1
ATF2	PCK1
ATF2	APOC3
DDIT3	ASNS
ATF4	ASNS
CTCF	POMT2
TWIST1	TIMP1
SP1	TIMP1
RELA	TIMP1
HIF1A	TIMP1
STAT3	TIMP1
SMAD3	TIMP1
IRF4	FCER2
IRF4	CD68
PPARG	ABCG2
YY1	MRPS18B
E2F1	FANCA
JUNB	EGFR
STAT3	JUNB
CEBPB	SLC19A1
SP1	SLC19A1
USF1	SLC19A1
CEBPA	LEP
SP1	LEP
HIF1A	LEP
YBX1	KPNA2
E2F1	AURKA
E2F3	AURKA
PPARA	APOBR
PPARG	APOBR
TP53	TP53TG5
E2F1	HIST1H2AG
YY1	MKLN1
YY1	RNF26
NR1I2	CYP3A4
HNF4A	NR1I2
NR1H4	NR1I2
USF1	PIGR
RELB	PIGR
NFIC	ITGA5
SP1	ITGA5
SOX2	ISL1
SOX2	ABCC6
YY1	WDR82
IRF7	IFNA1
CEBPB	XBP1
CTCF	PPRC1
MAX	ODC1
MAX	SERF2
E2F1	RACGAP1
CUX1	RACGAP1
SP1	SOD1
CEBPB	IGF2
CEBPB	FURIN
CEBPB	S100A9
CEBPB	FASLG
CEBPB	CSRP1
CEBPB	HP
CEBPB	SAA1
CEBPB	STAR
CEBPB	ABCB1
CEBPB	IL1B
CEBPB	ADM
CEBPB	IL6
CEBPB	INSR
CEBPB	CRP
CEBPB	GFER
AR	SMS
RELA	CCL3
YY1	ACTR5
CDX2	UGT1A10
HSF1	HSPA4
CEBPA	HSPA4
HSF2	HSPA4
MEF2A	SLC2A4
PPARG	SLC2A4
RARA	PRKCA
FOXA1	RPRM
RELA	IL12A
STAT3	IFNAR1
E2F1	CDCA7
E2F4	CDCA7
E2F2	CDCA7
NANOG	LAMB1
NANOG	L1TD1
NANOG	GATA4
PRDM1	CIITA
USF1	CIITA
YY1	PAK4
CTCF	TSPAN16
RXRA	CPT1B
PPARG	CPT1B
MEF2C	CPT1B
HNF4A	CYP2C8
FOXA1	KRT7
SP1	TNFSF14
RELA	S100A6
USF1	S100A6
CTCF	PRSS35
YBX1	EGFR
YBX1	SUMO1
YBX1	AGT
CTCF	EPHB1
SP1	FXR2
NRF1	FXR2
KLF4	LAMA3
KLF4	GPA33
KLF4	CCND1
KLF4	BIRC5
KLF4	CDH1
RELA	CTSB
E2F4	SLC2A13
TP53	EZH2
SP2	DNMT3B
IRF8	CYBB
IRF8	TLR3
IRF8	NF1
IRF8	CD68
CTCF	S100Z
SMAD4	RUNX1T1
RARA	CXCR5
RARA	CCNA1
RARA	MUC5AC
RARA	RARB
RARA	MACROD1
SP1	ADAM17
ERG	ENG
YY1	CREBBP
NR5A1	CYP17A1
NR5A1	STAR
NR5A1	MC2R
NR5A1	AMHR2
NR5A1	LHB
TP53	EGFR
TP53	CKM
TP53	TBXAS1
TP53	S100B
TP53	PMAIP1
TP53	LITAF
SOX6	TP53
TP53	DDB1
TP53	GSTP1
TP53	MAP4
TP53	CD82
TP53	CDK1
TP53	TGFA
TP53	TERT
TP53	FAS
TP53	DDB2
TP53	ABCB1
TP53	MMP2
TP53	DUSP1
TP53	GADD45A
TP53	BDKRB2
TP53	PRODH
TP53	RRM1
TP53	TYMS
TP53	GDF15
TP53	BRCA1
TP53	CAV1
TP53	VCAN
TP53	SFN
TP53	DKK1
TP53	CCNB1
TP53	UHRF1
TP53	BAX
TP53	CCND1
TP53	NLRC4
TP53	BIRC5
TP53	HIPK2
TP53	MET
TP53	APCS
TP53	GML
TP53	RRM2B
TP53	MUC2
TP53	HSP90AB1
TP53	INTS7
TP53	OGG1
TP53	BBC3
TP53	PPP2R4
TP53	RASSF1
TP53	SERTAD1
TP53	NOS2
TP53	FGF2
TP53	BRCA2
TP53	TYRP1
TP53	PTTG1
TP53	TNFRSF10A
SP1	IRS2
CLOCK	PER2
SP1	KRT5
VDR	EGFR
AR	EGFR
SP1	EGFR
RELA	EGFR
WT1	EGFR
PPARG	EGFR
YY1	EGFR
STAT3	EGFR
JUN	EGFR
RELA	MCL1
STAT3	MCL1
CTCF	RARRES1
CTCF	TYSND1
E2F1	MCM5
E2F3	MCM5
E2F4	MCM5
MYCN	MCM5
E2F2	MCM5
STAT2	IFIT3
STAT2	CFB
TBX2	CDKN2A
YY1	CPSF2
E2F1	PCSK6
USF1	TOP3A
YY1	TOP3A
CEBPA	IGF2
SP1	IGF2
WT1	IGF2
NFIC	CYP17A1
GATA6	CYP17A1
SP1	CYP17A1
SP3	CYP17A1
GATA4	CYP17A1
SMAD3	CYP17A1
E2F1	BIN1
ATF6	SEL1L
SP1	HCN2
SP1	MME
IRF3	IFNB1
IRF3	CXCL10
E2F1	CD2AP
SP3	CD2AP
NFIC	CYP1A1
PPARA	CYP1A1
USF1	CYP1A1
RELA	CCL20
USF1	PKLR
E2F1	FANCD2
CEBPA	S100A9
NR1H2	ABCA1
NR1H2	BHLHE40
SP1	EZR
JUN	EZR
RELA	IL1A
E2F1	WWOX
RUNX3	CASP8
SP1	ALOX12
NFKBIA	IL1B
E2F1	CDCA4
E2F1	DIRAS3
E2F1	CDKN2A
E2F1	ATG10
E2F1	CTNND2
E2F1	FGFR1
E2F1	CDK1
E2F1	TERT
E2F1	CCNA2
E2F4	E2F1
E2F1	RASGRP1
E2F1	PPP1R13B
E2F1	ECT2
E2F1	TP53BP2
E2F1	FHIT
E2F1	DUSP1
E2F1	RRP1B
E2F1	RRM1
E2F1	TYMS
E2F1	BRCA1
E2F1	TNFSF11
E2F1	MAPK1
E2F1	MAP1LC3A
E2F1	DTL
E2F1	UHRF1
E2F1	MEFV
E2F1	ERCC1
E2F1	CCND1
E2F1	DAPK2
E2F1	PNRC2
E2F1	BIRC5
E2F1	MCM6
E2F1	CDAN1
E2F1	KIF2C
E2F1	POLE2
E2F1	PTPRO
E2F1	HMGA1
E2F1	HOXB9
E2F1	ASF1B
E2F1	DRAM1
E2F1	POLD1
E2F1	XRCC1
E2F1	ISYNA1
E2F1	SERPINE1
E2F1	BBC3
E2F1	CTNNBIP1
E2F1	MCM8
E2F1	YBX3
E2F1	TOP2A
E2F1	RBM38
E2F1	DBF4
E2F1	CDT1
E2F1	AXIN2
E2F2	E2F1
E2F1	DHFR
E2F1	CDKN1C
CTCF	TRO
NR1H4	FABP6
BACH1	HMOX1
NFE2L2	HMOX1
USF1	HMOX1
STAT3	HMOX1
CTCF	MB
HIF1A	ITGB2
HNF4A	RNASE2
NFIC	HMGB1
NFIC	PROC
JUN	LBP
CTCF	IL19
ATF4	NUPR1
RXRA	CXCR5
RXRA	NOL7
CTCF	ZNF613
PPARG	TSHR
TP73	PMAIP1
CLOCK	BHLHE41
CLOCK	CRY1
CLOCK	PER3
HOXA10	EMX2
ZNF382	HMGA2
SMAD5	ID3
SMAD2	TNFRSF11B
SMAD4	TNFRSF11B
TCF7L2	TNFRSF11B
CDX2	MEP1A
E2F4	CDCA4
E2F2	CDCA4
RELA	CSF2
JUN	CSF2
VDR	CYP3A4
USF1	CYP3A4
HNF4A	CYP3A4
SP3	ETF1
LEF1	T
LEF1	DSP
LEF1	BIRC5
LEF1	NRCAM
LEF1	CLDN2
JUN	STMN1
PPARA	TUBA1B
RORA	TUBA1B
SP1	FASLG
EGR2	FASLG
E2F4	DIRAS3
E2F3	CDKN2A
SP1	CDKN2A
TBX5	CDKN2A
CTCF	COL27A1
DDIT3	TRIB3
ATF4	DDIT3
JUN	DDIT3
ATF6	DNAJC3
STAT3	CSRP1
CEBPE	CTSG
SP1	GSTP1
RELA	GSTP1
SP1	FMR1
USF1	FMR1
NRF1	FMR1
CTCF	CEP135
SP1	ITGAV
KLF6	DAPK2
KLF6	NOS2
SP1	TGFB1
USF1	TGFB1
JUN	TGFB1
SMAD3	TGFB1
SMAD4	BAMBI
SMAD3	BAMBI
USF1	B2M
E2F3	TP53BP2
E2F3	MCM6
YY1	HSF1
VDR	CYP24A1
VDR	CYP7A1
VDR	HOXA10
VDR	CALB1
VDR	BGLAP
VDR	CDH1
RELA	BCL2A1
FOXP3	IL2RA
SMAD3	FOXP3
CEBPA	SERPINC1
HNF4A	SERPINC1
JUN	CD82
TWIST1	MMP2
TWIST1	AKT2
TWIST1	CDH1
TWIST1	SRPX
E2F4	CDK1
TFDP1	CDK1
PPARA	ACSL1
PPARA	PANK1
CEBPA	HP
SP1	APEX1
SP1	CAT
SP1	TERT
USF1	TERT
WT1	TERT
MZF1	TERT
TP73	TERT
HIF1A	TERT
CTCF	TERT
SMAD3	TERT
NFE2L2	MTHFR
CEBPA	SAA1
STAT3	SAA1
HIF1A	TGFB3
SP1	ITGAD
SP3	ITGAD
SP1	STARD3
NR0B1	NR1H4
ATF6	RTN3
CTCF	B4GALNT1
STAT3	VIP
RELA	CCL5
JUN	CCL5
MSC	MMP2
SP1	ADIPOQ
PPARG	ADIPOQ
CREM	CCNA2
E4F1	CCNA2
RELA	IFNG
TBX21	IFNG
JUN	IFNG
SMAD4	IHH
STAT3	OSM
AR	PGC
E2F4	P4HA2
E2F4	BRCA1
E2F4	TOPBP1
E2F4	PPARG
E2F4	CCND1
E2F4	KIAA0101
E2F4	ASF1B
E2F4	POLD1
E2F4	CDT1
E2F4	HCFC1
E2F4	JUN
WT1	UBE2I
CEBPA	ITGAX
RUNX1	ITGAX
JUN	ITGAX
CTCF	FBXO7
HEY2	GATA6
SP1	TNF
RELA	TNF
JUN	TNF
RELA	FGF8
YY1	ERBB2
ETV4	ERBB2
GATA4	ERBB2
RBPJ	HEY2
HEY2	ACTA2
AR	DBI
SMAD2	CYR61
SMAD4	CYR61
PPARG	RETN
RELA	NCAM1
JUN	REN
MEF2A	JUN
SP1	PAX6
PAX6	MET
PAX6	PDHX
PAX6	PCSK1
CEBPA	APOA1
HNF4A	APOA1
CTCF	ARL2
SP1	FAS
YY1	FAS
STAT3	FAS
JUN	FAS
HIF1A	PFKL
CTCF	PAGE4
SMAD3	ITGA11
ATF4	DDR2
YY1	SPNS1
ATF6	CALR
YY1	TTC17
RBPJ	FCER2
RBPJ	HEY1
RBPJ	HES1
RELA	CFTR
FOXA1	CFTR
CDX2	CFTR
HLF	DBP
CUX1	ECT2
CTCF	GALNT6
SMAD2	SERPINE1
CEBPA	STAR
SP1	STAR
CEBPA	ALB
JUN	PTN
STAT3	CHI3L1
SP1	SMPD1
SP1	HDAC4
USF1	TGFB2
HNF4A	EBP
EGR3	NAB2
AR	KLK2
AR	KRT18
AR	ERBB3
AR	FKBP5
AR	MUC1
AR	KIAA1217
AR	PMEPA1
AR	DDT
AR	CDH2
SP1	ABCB1
RELA	ABCB1
HIF1A	ABCB1
TCF7L2	ABCB1
TCF4	ABCB1
RELB	ABCB1
JUN	ABCB1
SP1	VAMP2
CTCF	NFE2L2
SP3	ALPL
ZNF148	RNLS
SP1	RNLS
STAT3	RNLS
YY1	DLG1
MYB	LMO2
SP1	MMP2
RELA	MMP2
TWIST2	MMP2
SRF	MMP2
JUN	MMP2
CEBPA	GLS2
CEBPA	APOB
CEBPA	SPP1
CEBPA	INSR
CEBPA	IGF1
CEBPA	APOC3
CEBPA	F9
SMAD3	COL6A1
CTCF	NCBP3
SP1	F10
HNF4A	F10
SOX9	HES1
CREM	DUSP1
WT1	ODC1
POU2F1	GADD45A
YY1	MRPS10
SP1	ALDOA
HIF1A	ALDOA
RELA	TRIB3
ATF4	TRIB3
USF1	SERBP1
ERG	VIM
ERG	VWF
ERG	FGF2
RELA	IFNB1
IRF7	IFNB1
YY1	IFNB1
YY1	ZNF175
NR1H4	UGT2B4
ZNF148	MMP3
USF1	CD2
TCFL5	CD2
SP1	ACTC1
SP1	BRD7
SP1	MAT2A
SP1	COL1A1
SP1	ADRA2B
SP1	PRSS50
SP1	CD14
SP1	APOE
SP1	TNFSF10
SP1	PLAUR
SP1	VIM
SP1	UGDH
SP1	CSNK2A1
SP1	CD99
SP1	LDHA
SP1	CCND1
SP1	KIF2C
SP1	MAT2B
SP1	ABCC1
SP1	MET
SP1	PTGIR
SP1	PADI1
SP1	CA9
SP1	PTHLH
SP1	MUC2
SP1	SOD2
SP1	INSR
SP1	PROC
SP1	TBXA2R
SP1	SERPINE1
SP1	MUC5AC
SP1	HSD17B1
SP1	SIGIRR
SP1	ALOX5
SP1	ADAM10
SP1	PCK1
SP1	MPO
SP1	CCL2
SP1	GFER
SP1	CD151
SP1	BLMH
SP1	CYP1B1
SP1	RORA
SP1	ACTA1
SP1	PTTG1
SP1	SPN
SP1	MACROD1
HNF4A	ALDOB
RUNX3	RUNX1
RUNX3	CFLAR
RUNX3	TCF4
TFDP1	RRM1
ARNTL2	SERPINE1
CTCF	TMBIM6
CTCF	TRAPPC6A
TFDP1	TYMS
RELA	IL1B
RELA	BIRC2
EHF	SPRR1B
RELA	CDK4
STAT3	CDK4
SRF	ACTC1
TBX21	CXCR3
PLAGL1	ABCC6
JUN	BRCA1
HNF4A	ABCG5
GLI1	EGR2
GLI1	PTCH1
CTCF	BCL2L14
RELA	MAT2A
MYB	MAT2A
JUN	MAT2A
SP3	LOR
PROX1	CYP7A1
HNF4A	CYP7A1
FOXM1	CYP7A1
CTCF	GRIN3A
RELA	BIRC3
STAT3	BIRC3
RELA	IL17C
CDX2	UGT1A8
YY1	ATXN10
HIC1	VLDLR
PPARG	VLDLR
STAT3	A2M
REST	LIN28A
TCF7L2	FGF18
MYCN	MCM4
MYCN	MCM6
MYCN	NDRG1
MYCN	MCM8
MYCN	MCM3
E2F2	MYCN
HIF1A	ADM
YY1	DNAJA3
CTCF	PLXNB3
SP3	TFF1
ESR2	TFF1
YY1	NARS
RELA	IRF7
RELA	COL1A1
RELA	PLAUR
RELA	PCK2
RELA	BAX
RELA	CCND1
RELA	BIRC5
RELA	CD40
RELA	CFLAR
RELA	PTHLH
RELA	IL6
RELA	IL18
RELA	MMP3
RELA	SOD2
RELA	CD83
RELA	SERPINE1
RELA	ELF3
RELA	NOS2
RELA	BRCA2
RELA	CCL2
RELA	PLAU
RELA	CXCL10
SNAI2	JAG1
SNAI2	CDH1
SP3	LCAT
IRF7	CXCL10
MYB	COL1A1
SMAD3	COL1A1
HIF1A	EDN1
JUN	EDN1
SMAD3	EDN1
YY1	EP300
PPARA	FADS2
PPARA	APOB
PPARA	ANGPTL4
PPARA	UCP1
PPARA	FABP3
PPARA	SERPINE1
PPARA	LPL
PPARA	APOC3
CTCF	ZNHIT2
USF1	APC
CTCF	AHCYL1
SP3	ABCA1
USF1	ABCA1
FOXA1	ABCA1
NR1H3	ABCA1
ATF4	HRK
NR1H3	APOE
TBX5	NPPA
GATA4	NPPA
SP3	PADI1
SP3	LECT1
SP3	NOX4
SP3	DNASE2
SP3	F2
SP3	RORA
TCF7L2	DKK1
HIF1A	PGK1
FOXM1	CCNB1
JUN	PLAUR
HOXB7	FGF2
KLF5	NOTCH1
USF1	HOXB4
USF1	CEACAM5
USF1	NUP188
USF1	SERPINE1
USF1	APOC3
WT1	CIAO1
WT1	TBXA2R
WT1	IGF1
WT1	CDH1
ETV4	VIM
TCF7L2	VIM
ZEB2	VIM
TCF4	VIM
JUN	VIM
HOXA11	HOXA10
STAT3	CISH
CTCF	RPP30
CTCF	ZNF20
KLF5	FGFBP1
THRB	CGA
NRF1	PRDX5
PPARG	APOB
PPARG	CCND1
PPARG	ANGPTL4
PPARG	CD83
PPARG	SAT1
PPARG	RARB
FOXA1	APOB
HNF4A	APOB
SRF	TAGLN
FOXA1	NF1
FOXA1	SFTPB
FOXA1	UGT2B17
HIF1A	BAX
YY1	MRPL46
NKX2-1	SFTPB
RUNX1	MAD2L1
HLF	RUNX1
STAT3	USP7
MYB	CTSG
HIF1A	LDHA
SMAD4	ZFP36
SMAD4	MET
SMAD4	PTHLH
SMAD4	SERPINE1
SMAD4	BTRC
SMAD4	BGLAP
SMAD4	APOC3
POU2F1	CCND1
HIF1A	CCND1
STAT3	CCND1
TCF4	CCND1
JUN	CCND1
STAT3	NNMT
STAT3	ZFP36
SMAD3	ZFP36
HNF4A	APOA4
KLF5	BIRC5
STAT3	BIRC5
TCF7L2	BIRC5
POU2F1	UGT2B7
REST	GRIN1
TFDP1	MYBL2
ESR2	SERPINE1
E2F2	MCM6
REST	GLRA1
YY1	PPP2R1A
RELB	CCL19
HOXB13	TCF4
JUN	HEY1
YY1	SNX27
YY1	CDK5RAP2
CTCF	PMPCB
NKX2-5	GATA4
HIF1A	MET
SMAD3	MET
POU2F1	PTGIR
TCF7L2	SP5
ZFHX3	MUC5AC
HNF4A	C1QTNF5
YY1	APH1A
HNF4A	CYP2D6
HHEX	HNF4A
HNF4A	G6PC
HNF4A	GFER
HNF4A	APOC3
HNF4A	F2
HNF4A	CYP2C9
MYB	CD4
YY1	HNRNPL
YY1	RAB3GAP1
YY1	COQ5
YY1	IRAK1
YY1	MRPS24
MYB	CCNA1
HIF1A	CA9
CTCF	ACTR3
TP73	BBC3
POU2F1	LCT
POU2F1	VWF
TWIST2	SRPX
SMAD3	PTHLH
NR1H4	ABCC4
JUN	SPP1
CDX2	MUC2
CDX2	LCT
CDX2	AXIN2
HIF1A	SERPINE1
HIF1A	NT5E
HIF1A	RORA
E2F2	ASF1B
STAT3	IL6
JUN	IL6
CTCF	LPIN3
CTCF	BICD2
CTCF	TSFM
CTCF	ZNF462
CTCF	ACVR1C
CTCF	PPP2R4
CTCF	HS1BP3
CTCF	RPL39L
CTCF	CHRNA6
CTCF	NBN
HES1	DBF4
JUN	MMP3
SMAD3	COL6A3
STAT3	LTBP1
NR1H3	BHLHE40
NR1H4	ABCB4
MYB	KLF1
STAT3	CRP
STAT3	HSPB1
STAT3	PGF
STAT3	S100A11
STAT3	MUC1
STAT3	CCL2
STAT3	CFB
STAT3	IL2RA
SMAD3	SERPINE1
TCF7L2	GLCE
TCF7L2	AXIN2
REST	KCNQ2
SMAD3	COL3A1
TFDP1	DHFR
STAT4	S100A4
SRF	ACTA1
JUN	SPRR1B
ZEB2	CDH1
STAT5B	MUC1
ARNT	CYP1B1
JUN	NOS2
HSF2	MAPK8
STAT5B	IGF1
JUN	CCL2
NR3C1	BGLAP
SMAD3	BGLAP
ATF4	CHAC1
SMAD3	APOC3
JUN	PENK
E2F2	CDT1
REST	TUBB3
JUN	ACTA1
JUN	RARB
IRF1	IFNA1
EGR1	ACHE
HNF1A	MTTP
NANOG	KDR
SP1	CTSL
SP3	CTSL
TP53	SIVA1
FOS	PTGS2
JUNB	PTGS2
CEBPB	PTGS2
STAT3	VEGFA
CLOCK	BHLHE40
HIC1	ACKR3
GATA1	SPI1
CEBPE	GATA1
TP53	DNMT1
TP53	ELF4
ELF4	TP53
NFKB1	EGR1
EGR1	AR
EGR1	RELA
RELA	EGR1
EGR1	MYB
IRF3	PURA
PURA	AR
TFAP2A	KLF12
KLF12	TFAP2A
NR3C1	ETS1
NKX3-1	AR
FOS	MYC
TP53	MYC
CEBPE	MYC
HBP1	MYC
PRDM1	MYC
MYC	CEBPA
CEBPA	MYC
MYC	SP3
WT1	MYC
PPARG	MYC
CTCF	MYC
JUN	MYC
TSC22D3	FOXO3
MYCN	MXI1
SPI1	BCL6
CEBPE	SPI1
SNAI1	VDR
SP1	AHR
GFI1B	MEF2C
PGR	RELA
RELA	PGR
JUN	PGR
FOS	NFKB1
BCL3	NFKB1
NFKBIA	NFKB1
AR	NFKB1
NFKB1	AR
NFKB1	CTCF
ESR1	TP53
RUNX2	ESR1
PAX5	PRDM1
TP63	KLF4
TP53	TP63
E2F6	E2F1
ARNT	FOS
CREM	FOS
BCL6	IRF4
IRF4	BCL6
CTCF	BCL6
POU5F1	CDX2
NR3C1	ATF2
TP53	BCL3
MEF2C	NR4A1
NANOG	CDX2
KLF4	RARA
KLF4	VDR
NR0B1	NR5A1
TP53	E2F1
TP53	E2F3
PAX2	TP53
TP53	HNF4A
TP53	STAT3
TP53	TCF7L2
JUN	TP53
E2F1	IRF3
NFKBIA	RELA
E2F1	AR
HIC1	E2F1
E2F7	E2F1
E2F1	SP3
E2F8	E2F1
HES1	E2F1
SNAI2	VDR
AR	RELA
RELA	AR
WT1	AR
AR	NCOA2
NCOA2	AR
JUN	AR
E2F7	SP1
WT1	MYCN
TRPS1	RUNX2
WT1	PAX2
WT1	MYB
NFKB1	IRF1
IRF1	IRF2
STAT1	IRF1
STAT2	IRF1
RELA	IRF1
STAT3	IRF1
FLI1	GATA1
SPI1	GATA1
GATA1	WT1
STAT6	FOS
E2F1	DNMT1
ETS1	EGR1
EGR1	ATF3
EGR1	TP53
SP1	EGR1
EGR1	HIF1A
TFAP2A	ETS1
ETS1	TFAP2A
TFAP2A	NR3C1
TCF7L2	GLI2
SMAD3	GLI2
MITF	FOS
LEF1	MITF
MITF	SNAI2
MITF	HIF1A
GATA3	ZEB1
E2F1	ZEB1
ETS1	FLI1
ETS1	WT1
WT1	ETS1
ETS1	MYB
ETV4	ETS1
JUN	ETS1
MEF2D	ATF3
ATF2	ATF3
KLF4	ATF3
TP53	ATF3
ATF4	ATF3
JUN	ATF3
AR	NKX3-1
NFKB1	MYC
MYC	TP53
MYC	E2F1
E2F1	MYC
RELA	MYC
MYBL2	MYC
HNF4A	MYC
YY1	MYC
MYB	MYC
STAT3	MYC
TCF7L2	MYC
MYC	FOXM1
FOXM1	MYC
ETS2	FLI1
JUN	MEF2D
MEF2D	JUN
FOXO3	BCL6
FOXO3	HBP1
FOXO3	AR
RUNX1	SPI1
JUN	SPI1
RELA	SNAI1
SMAD4	AHR
SMAD3	AHR
ESR1	PGR
PGR	ESR1
SP1	PGR
NFKB1	GATA3
NFKB1	BCL3
NFKB1	IRF4
NFKB1	TP53
NFKB1	NFKBIA
SP1	NFKB1
RELA	NFKB1
NFKB1	TBX21
STAT1	IRF2
ESR1	RARA
ESR1	E2F1
ESR1	AR
ESR1	JUN
TFAP2C	ESR1
TP53	PAX5
PAX5	TP53
RELA	GATA3
GATA3	CDX2
TP63	VDR
TCF7	LEF1
TCF7L2	TCF7
E2F1	E2F6
CEBPA	FOXA2
STAT1	FOS
SP1	FOS
FOS	SP3
STAT3	FOS
SRF	FOS
FOS	CREM
STAT1	BCL6
STAT3	BCL6
POU5F1	SOX2
POU5F1	NANOG
NANOG	POU5F1
NR5A1	POU5F1
STAT1	TP53
STAT1	STAT2
STAT1	CEBPE
STAT1	PPARA
STAT3	STAT1
STAT1	CREM
ATF2	JUN
RELA	BCL3
RELA	IRF4
NR4A1	E2F1
HIF1A	NR4A1
SOX2	NANOG
ATF4	CEBPB
KLF4	NANOG
PBX1	NANOG
CDX2	KLF4
SP1	RARA
NR5A1	NR0B1
E2F1	TP53
SP1	TP53
TP53	HIC1
MYCN	TP53
RELA	TP53
TP53	E2F7
PPARG	TP53
YY1	TP53
HIF1A	TP53
RELA	NFKBIA
PPARA	NFKBIA
E2F3	E2F1
E2F1	SP1
E2F1	HIC1
E2F1	MYCN
E2F1	RELA
E2F1	PPARG
E2F1	MYBL2
E2F1	TP73
E2F1	MYB
E2F1	ETV4
E2F1	JUN
E2F1	FOXM1
LEF1	AR
LEF1	CDX1
TCF7L2	LEF1
E2F3	MYCN
HIF1A	E2F3
WT1	VDR
JUN	VDR
HBP1	RUNX1
SP1	AR
AR	SNAI2
AR	JUN
CEBPA	PPARG
SP1	RELA
SP1	SP3
SP1	WT1
SP1	SMAD4
SP1	HNF4A
SP1	YY1
SP1	CREM
SP1	NR3C1
SP3	MYCN
RELA	TBX21
MYB	SP3
MYB	WT1
WT1	SMAD3
CDX1	PPARG
PPARG	POU2F1
SMAD4	JUN
STAT3	ESR2
YY1	TP73
YY1	CTCF
YY1	NR3C1
STAT3	HIF1A
JUN	MYB
TCF7L2	STAT3
JUN	CREM
JUN	NR3C1
MEF2C	JUN
SMAD3	JUN
A9UF07	BCR
ABL1	ABI1
ABL1	ABL2
ABL1	APBB1
ABL1	ATR
ABL1	BCAR1
ABL1	CASP9
ABL1	CAT
ABL1	CAV1
ABL1	CBL
ABL1	CD19
ABL1	CDK5
ABL1	CDKN1B
ABL1	CEBPB
ABL1	CRK
ABL1	CTTN
ABL1	DDX5
ABL1	DOK1
ABL1	EGFR
ABL1	EPHB2
ABL1	ERCC6
ABL1	ESR1
ABL1	GPX1
ABL1	GRB2
ABL1	JAK2
ABL1	JUN
ABL1	LASP1
ABL1	MAP4K1
ABL1	MDM4
ABL1	MUC1
ABL1	MYLK
ABL1	NCK1
ABL1	NCOA3
ABL1	NEDD9
ABL1	NFKBIA
ABL1	PARK2
ABL1	PLCG1
ABL1	PLSCR1
ABL1	PRKD1
ABL1	PRKN
ABL1	PSMA7
ABL1	PSTPIP1
ABL1	PTPN6
ABL1	PXN
ABL1	RACK1
ABL1	RAD52
ABL1	RAPGEF1
ABL1	RIN1
ABL1	SORBS2
ABL1	SPTLC1
ABL1	STK3
ABL1	TERT
ABL1	TOP1
ABL1	TP73
ABL1	VAV1
ABL1	WASF2
ABL1	WASL
ABL1	YAP1
ABL1	ZDHHC16
ABL2	CAT
ABL2	CEBPB
ABL2	CRK
ABL2	GPX1
ABL2	LGALS3
ABL2	PSMA7
ABL2	RIN1
ABL2	SIVA1
ABL2	SORBS2
ACVR1	SMAD1
ACVR1	SMAD5
ACVR1B	SMAD2
ACVR2A	ACVR1
ACVR2A	ACVR1B
ACVR2B	ACVR1
ACVR2B	ACVR1B
ADRBK1	ADRB2
ADRBK1	BDKRB2
ADRBK1	CCR5
ADRBK1	CHRM2
ADRBK1	EZR
ADRBK1	MAPK14
ADRBK1	MC4R
ADRBK1	OPRD1
ADRBK1	PDE6G
ADRBK1	RPLP2
ADRBK1	SNCA
ADRBK1	TBXA2R
ADRBK2	BDKRB2
ADRBK2	CCR5
ADRBK2	OPRM1
AKT1	ADRB2
AKT1	AGAP2
AKT1	AKT1S1
AKT1	ALYREF
AKT1	AR
AKT1	ATXN1
AKT1	BAD
AKT1	BCL2L11
AKT1	BRAF
AKT1	BRCA1
AKT1	CASP9
AKT1	CDCA7
AKT1	CDK2
AKT1	CDKN1C
AKT1	CFLAR
AKT1	CHEK1
AKT1	CHUK
AKT1	CLK2
AKT1	COPS6
AKT1	CREB1
AKT1	CTNNB1
AKT1	EIF4EBP1
AKT1	EP300
AKT1	ESR1
AKT1	EZH2
AKT1	FOXA2
AKT1	GAB2
AKT1	GATA1
AKT1	GATA2
AKT1	GSK3A
AKT1	HMOX1
AKT1	HNRNPA1
AKT1	HSPB1
AKT1	HTRA2
AKT1	ILF3
AKT1	IRAK1
AKT1	ITGB3
AKT1	KHSRP
AKT1	MAP2K4
AKT1	MAP3K11
AKT1	MAP3K5
AKT1	MDM2
AKT1	MDM4
AKT1	METTL1
AKT1	MST1R
AKT1	MXD1
AKT1	NCF1
AKT1	NCOR1
AKT1	NOS3
AKT1	NR3C1
AKT1	NR4A1
AKT1	NUAK1
AKT1	PAK1
AKT1	PDCD4
AKT1	PDE3B
AKT1	PEA15
AKT1	PFKFB2
AKT1	PFKFB3
AKT1	PHF20
AKT1	PIKFYVE
AKT1	PPP1CA
AKT1	PRKACA
AKT1	PTPN1
AKT1	RAF1
AKT1	RARA
AKT1	RNF11
AKT1	RPS6KB1
AKT1	S1PR1
AKT1	SH3RF1
AKT1	SKI
AKT1	SLC9A1
AKT1	SRPK2
AKT1	STK3
AKT1	STK4
AKT1	TAL1
AKT1	TBC1D1
AKT1	TBC1D4
AKT1	TERT
AKT1	TOPBP1
AKT1	TP53RK
AKT1	TSC1
AKT1	TSC2
AKT1	TTC3
AKT1	TWIST1
AKT1	VCP
AKT1	VIM
AKT1	WNK1
AKT1	XIAP
AKT1	YAP1
AKT1	YBX1
AKT1	YWHAZ
AKT1	ZFP36L1
AKT1	ZYX
AKT2	AKT1S1
AKT2	CHUK
AKT2	CTNNB1
AKT2	ESR1
AKT2	EZR
AKT2	FOXO4
AKT2	GSK3B
AKT2	HTRA2
AKT2	MAP3K5
AKT2	NOS3
AKT2	SH3RF1
AKT2	TSC2
AKT2	XIAP
AKT3	AGO2
AKT3	BRAF
ALK	PLCG1
ALK	SFPQ
ALK	SHC1
ALK	SHC3
ALK	STAT3
ARAF	MAP2K1
ATM	ABL1
ATM	ABRAXAS1
ATM	ATF2
ATM	AVEN
ATM	BLM
ATM	BUB1
ATM	CCDC6
ATM	CHEK1
ATM	CHEK2
ATM	CREB1
ATM	DBF4
ATM	DCLRE1C
ATM	DYRK2
ATM	E2F1
ATM	EP300
ATM	FANCD2
ATM	FBXO31
ATM	H2AFX
ATM	HIF1A
ATM	KHSRP
ATM	MCM3
ATM	MDC1
ATM	MDM4
ATM	MRE11
ATM	MRE11A
ATM	NABP2
ATM	NBN
ATM	NFAT5
ATM	PNKP
ATM	PPP1R2
ATM	PRKDC
ATM	RAD17
ATM	RAD50
ATM	RAD9A
ATM	RASSF1
ATM	RBBP8
ATM	RFWD2
ATM	RNF20
ATM	RNF40
ATM	RPA2
ATM	RRM2B
ATM	SIAH1
ATM	SIAH1A
ATM	SLX4
ATM	SMAD1
ATM	SMC1A
ATM	SMC3
ATM	SP1
ATM	STK11
ATM	TAOK1
ATM	TAOK3
ATM	TDP1
ATM	TERF1
ATM	TOPBP1
ATM	TP53
ATM	TP53BP1
ATM	TP63
ATM	USP28
ATM	ZNF148
ATM	ZNF420
ATR	ATRIP
ATR	BRCA1
ATR	CHEK1
ATR	CHEK2
ATR	CLSPN
ATR	CREB1
ATR	DBF4
ATR	E2F1
ATR	FANCA
ATR	FANCD2
ATR	KMT2A
ATR	MCM2
ATR	MDM2
ATR	NBN
ATR	POLH
ATR	PRKDC
ATR	RAD17
ATR	RBBP8
ATR	RPA2
ATR	SMARCC2
ATR	SMC1A
ATR	SP1
ATR	TP53
ATR	UIMC1
ATR	XPA
AURKA	AJUBA
AURKA	AR
AURKA	BRCA1
AURKA	CDC25B
AURKA	CENPA
AURKA	CETN2
AURKA	DLGAP5
AURKA	FADD
AURKA	FAF1
AURKA	HIST1H3A
AURKA	KIF11
AURKA	LATS2
AURKA	MAP9
AURKA	MAPRE3
AURKA	MBD3
AURKA	NDEL1
AURKA	PARD3
AURKA	PIN1
AURKA	PLK1
AURKA	RASSF1
AURKA	TACC1
AURKA	TACC3
AURKA	TPX2
AURKB	ATM
AURKB	BIRC5
AURKB	CASC5
AURKB	CENPA
AURKB	CHMP4C
AURKB	CKAP2
AURKB	DES
AURKB	DIAPH2
AURKB	DSN1
AURKB	H3F3A
AURKB	H3F3B
AURKB	HDAC5
AURKB	INCENP
AURKB	KIF23
AURKB	KNL1
AURKB	MAPRE3
AURKB	NDC80
AURKB	NINL
AURKB	NSUN2
AURKB	RACGAP1
AURKB	RASSF1
AURKB	RB1
AURKB	TP53
AURKB	VIM
AURKB	YY1
AURKC	HIST1H3A
AXL	SOCS1
AXL	TNS2
BACE2	APP
BAZ1B	H2AFX
BCAR1	CRK
BCR	ABL1
BCR	YWHAQ
BLK	FCGR2B
BLVRA	PRKCB
BMPR1A	BMPR1B
BMPR1A	BMPR2
BMPR1A	SMAD1
BMPR1B	SMAD1
BMX	PTK2
BRAF	MAP2K1
BRAF	MAP2K2
BRD4	POLR2A
BRSK1	CDC25B
BRSK1	CDC25C
BRSK1	TUBG1
BRSK2	PRKAA1
BTK	BMX
BTK	FAS
BTK	GTF2I
BTK	ITK
BTK	PLCG2
BTK	TEC
BTK	TIRAP
BUB1	CDC20
BUB1B	CDC20
CAMK1	HDAC5
CAMK1	SYN1
CAMK2A	ATP2A2
CAMK2A	CD44
CAMK2A	CHAT
CAMK2A	DLG1
CAMK2A	EGFR
CAMK2A	ETS1
CAMK2A	ETS2
CAMK2A	FBXO43
CAMK2A	GFPT1
CAMK2A	GRIA1
CAMK2A	GRIA4
CAMK2A	HRH1
CAMK2A	ITPKA
CAMK2A	KCND2
CAMK2A	MAPT
CAMK2A	NCOR2
CAMK2A	OPRM1
CAMK2A	PEA15
CAMK2A	RCHY1
CAMK2A	RYR2
CAMK2A	SMAD2
CAMK2A	SYNGAP1
CAMK2A	TH
CAMK2B	PRKAA1
CAMK2B	STMN1
CAMK2D	CACNB2
CAMK2D	CEACAM1
CAMK2D	CEACAM2
CAMK2D	HDAC4
CAMK2D	KCNJ11
CAMK2D	SCN5A
CAMK2G	ADCY3
CAMK2G	EGFR
CAMK2G	STAT1
CAMK4	CREB1
CAMK4	CREBBP
CAMK4	HDAC4
CAMK4	HDAC5
CAMK4	HNRNPL
CAMK4	NOS1
CAMK4	STMN1
CAMKK1	CAMK4
CAMKK1	PRKAA1
CAMKK2	CAMK1
CAMKK2	CAMK4
CAMKK2	PRKAA1
CCND2	RB1
CD28	GRB2
CDC42BPA	LIMK1
CDC42BPA	LIMK2
CDC42BPA	MYL9
CDC7	MCM2
CDC7	MCM4
CDC7	MCM7
CDC7	PSIP1
CDK1	ABL1
CDK1	ANAPC1
CDK1	APLP2
CDK1	AR
CDK1	BCL2
CDK1	BIRC5
CDK1	BORA
CDK1	BRCA1
CDK1	BUB1
CDK1	BUB1B
CDK1	CASP8
CDK1	CASP9
CDK1	CCNB1
CDK1	CDC16
CDK1	CDC23
CDK1	CDC25A
CDK1	CDC25B
CDK1	CDC27
CDK1	CDC7
CDK1	CEP55
CDK1	CHEK1
CDK1	CKAP2
CDK1	CSNK2A1
CDK1	CSNK2B
CDK1	CUX1
CDK1	DDX3X
CDK1	E2F1
CDK1	EEF1D
CDK1	EEF2K
CDK1	EGFR
CDK1	EIF4EBP1
CDK1	EPN1
CDK1	ERCC6L
CDK1	ESPL1
CDK1	EZH2
CDK1	FANCG
CDK1	FEN1
CDK1	FOXK2
CDK1	FOXM1
CDK1	FOXO1
CDK1	GFAP
CDK1	GOLGA2
CDK1	HMGA1
CDK1	HMGA2
CDK1	IREB2
CDK1	KAT5
CDK1	KAT7
CDK1	KHDRBS1
CDK1	KIF11
CDK1	KIF22
CDK1	KIF2C
CDK1	KMT5A
CDK1	KRT18
CDK1	KRT8
CDK1	LATS1
CDK1	LBR
CDK1	LIG1
CDK1	LMNA
CDK1	MAP2K1
CDK1	MAP4
CDK1	MAPK6
CDK1	MCL1
CDK1	MCM4
CDK1	MDM4
CDK1	MPLKIP
CDK1	MYOD1
CDK1	NCOA3
CDK1	NDE1
CDK1	NDEL1
CDK1	NME1
CDK1	NPM1
CDK1	NSFL1C
CDK1	NUMA1
CDK1	NUP50
CDK1	NUP98
CDK1	NUSAP1
CDK1	ORC1
CDK1	PIK3C2A
CDK1	PIK3C3
CDK1	PITPNM1
CDK1	PLEC
CDK1	PPP1CA
CDK1	PRC1
CDK1	PRDX1
CDK1	PTHLH
CDK1	PTTG1
CDK1	RAD9A
CDK1	RANGAP1
CDK1	RB1
CDK1	RPA2
CDK1	RPS3
CDK1	RPS6KB1
CDK1	RUNX2
CDK1	SAMHD1
CDK1	SIRT1
CDK1	SIRT2
CDK1	SP1
CDK1	SQSTM1
CDK1	SREBF1
CDK1	STIM1
CDK1	STMN1
CDK1	SYN3
CDK1	TK1
CDK1	TP53
CDK1	TSC1
CDK1	UBA1
CDK1	UBE2A
CDK1	USP16
CDK1	VIM
CDK1	WEE1
CDK1	ZC3HC1
CDK11A	CDK11B
CDK11B	EIF3F
CDK12	POLR2A
CDK19	EIF3F
CDK2	ADRBK1
CDK2	ARID4A
CDK2	ATRIP
CDK2	BRCA1
CDK2	CCDC6
CDK2	CCNA2
CDK2	CCNE1
CDK2	CDC25A
CDK2	CDC25C
CDK2	CDK7
CDK2	CDKN1A
CDK2	CDKN1B
CDK2	CDKN2D
CDK2	CDX2
CDK2	CHEK1
CDK2	COIL
CDK2	CROCC
CDK2	DLG1
CDK2	ESR1
CDK2	EZH2
CDK2	FOXK2
CDK2	FOXM1
CDK2	FOXO1
CDK2	GRK2
CDK2	HIRA
CDK2	HMGA1
CDK2	ID2
CDK2	ID3
CDK2	LIG1
CDK2	LIG3
CDK2	MCM2
CDK2	MCM3
CDK2	MCM4
CDK2	MYBL2
CDK2	MYOD1
CDK2	NPAT
CDK2	NPM1
CDK2	NR1I2
CDK2	ORC2
CDK2	PAK1
CDK2	PELP1
CDK2	PGR
CDK2	PPP1CA
CDK2	PRKAR1A
CDK2	PTHLH
CDK2	RB1
CDK2	RBBP8
CDK2	RBL2
CDK2	RRN3
CDK2	SF3B1
CDK2	SIRT2
CDK2	SMAD3
CDK2	TFCP2
CDK2	TK1
CDK2	TP53
CDK2	TP63
CDK2	TP73
CDK2	UBE2A
CDK2	WEE1
CDK2	ZBTB16
CDK2	ZC3HC1
CDK20	CDK2
CDK20	ICK
CDK3	ATF1
CDK3	JUN
CDK3	RB1
CDK3	TFCP2
CDK4	BRCA1
CDK4	FOXM1
CDK4	MEF2D
CDK4	MYOD1
CDK4	PELP1
CDK4	PRDX1
CDK4	RASSF1
CDK4	RBL1
CDK4	RBL2
CDK4	RUNX3
CDK4	SMAD3
CDK5	AGAP2
CDK5	AMPH
CDK5	APP
CDK5	AR
CDK5	ATM
CDK5	CDK5R1
CDK5	CLOCK
CDK5	CRMP1
CDK5	DAB1
CDK5	DNM1
CDK5	DPYSL2
CDK5	DPYSL3
CDK5	EPRS
CDK5	EZR
CDK5	HTRA2
CDK5	HTT
CDK5	MAP2K1
CDK5	MAPK10
CDK5	MEF2A
CDK5	NDEL1
CDK5	NFAT5
CDK5	NOS3
CDK5	NR3C1
CDK5	PAK1
CDK5	PIK3C3
CDK5	PIP5K1C
CDK5	PMAIP1
CDK5	PPP1CA
CDK5	PPP1R1B
CDK5	PRKN
CDK5	PSEN1
CDK5	PTK2
CDK5	RB1
CDK5	SRC
CDK5	STMN1
CDK5	STXBP2
CDK5	SYN1
CDK5	TLN1
CDK5	TP53
CDK6	CDKN1A
CDK6	CTNNB1
CDK6	RB1
CDK6	RBL2
CDK7	AR
CDK7	CDK1
CDK7	CDK11B
CDK7	CDK2
CDK7	CDK4
CDK7	E2F1
CDK7	ESR1
CDK7	NR5A1
CDK7	POLR2A
CDK7	RARA
CDK7	TP53
CDK8	CCNH
CDK8	E2F1
CDK9	POLR2A
CDK9	RCHY1
CDK9	SUPT5H
CDK9	TP53
CHEK1	AURKB
CHEK1	BLM
CHEK1	CDC25C
CHEK1	CLSPN
CHEK1	E2F3
CHEK1	FANCD2
CHEK1	FANCE
CHEK1	H3F3A
CHEK1	H3F3B
CHEK1	MDM4
CHEK1	NEK11
CHEK1	NFKB1
CHEK1	RAD51
CHEK1	RB1
CHEK1	SYK
CHEK1	TLK1
CHEK1	TP53
CHEK1	TP73
CHEK2	ASF1A
CHEK2	BRCA1
CHEK2	CDC25A
CHEK2	E2F1
CHEK2	ELAVL1
CHEK2	FOXM1
CHEK2	MAPT
CHEK2	MDM2
CHEK2	MDM4
CHEK2	RB1
CHEK2	TTK
CHEK2	VHL
CHEK2	XRCC1
CHUK	CCND1
CHUK	CREBBP
CHUK	FOXA2
CHUK	FOXO3
CHUK	HIST3H3
CHUK	IRS1
CHUK	MAP3K14
CHUK	NCOA3
CHUK	NCOR2
CHUK	NFKB2
CHUK	NFKBIB
CHUK	RELA
CHUK	TAX1BP1
CHUK	TRAF4
CLK1	ABL1
CLK1	PTPN1
CLK2	PTPN1
CLK4	ABL1
CRK	PTK2
CSK	FGR
CSK	FYN
CSK	LCK
CSK	LYN
CSK	PTK2
CSK	PTPRC
CSK	PXN
CSK	SRC
CSK	YES1
CSNK1A1	AXIN1
CSNK1A1	BID
CSNK1A1	CDC25A
CSNK1A1	CREB1
CSNK1A1	CTPS2
CSNK1A1	DEPTOR
CSNK1A1	FADD
CSNK1A1	FOXG1
CSNK1A1	FOXO1
CSNK1A1	FOXO4
CSNK1A1	IFNAR1
CSNK1A1	LGALS3
CSNK1A1	LRP6
CSNK1A1	MDM4
CSNK1A1	NFATC3
CSNK1A1	PARK2
CSNK1A1	PHLPP1
CSNK1A1	PRKN
CSNK1A1	RHOB
CSNK1A1	SNCA
CSNK1A1	TP53
CSNK1A1	YWHAQ
CSNK1A1	YWHAZ
CSNK1A1L	CTNNB1
CSNK1D	DVL1
CSNK1D	DVL2
CSNK1D	GJA1
CSNK1D	HIF1A
CSNK1D	KIR3DL1
CSNK1D	MAPT
CSNK1D	MDM2
CSNK1D	NCOA3
CSNK1D	TP53
CSNK1D	YAP1
CSNK1E	APC
CSNK1E	AXIN1
CSNK1E	BID
CSNK1E	CTNNB1
CSNK1E	DVL1
CSNK1E	DVL2
CSNK1E	EIF4EBP1
CSNK1E	LRP6
CSNK1E	PER1
CSNK1E	PER2
CSNK1E	WWTR1
CSNK1G1	FOXO1
CSNK1G1	LRP6
CSNK1G2	COL4A3BP
CSNK2A1	44076
CSNK2A1	ABCC1
CSNK2A1	AKT1
CSNK2A1	AMPH
CSNK2A1	ANP32B
CSNK2A1	ARNT
CSNK2A1	ARRB2
CSNK2A1	BID
CSNK2A1	BIK
CSNK2A1	CAPZA1
CSNK2A1	CARD9
CSNK2A1	CASP2
CSNK2A1	CAV2
CSNK2A1	CBX1
CSNK2A1	CD5
CSNK2A1	CDC25C
CSNK2A1	CDC27
CSNK2A1	CDC34
CSNK2A1	CDH1
CSNK2A1	CDK1
CSNK2A1	CLIP1
CSNK2A1	CTDP1
CSNK2A1	CTNNA1
CSNK2A1	CTNNB1
CSNK2A1	DAXX
CSNK2A1	DDIT3
CSNK2A1	DDX58
CSNK2A1	EIF2B5
CSNK2A1	EIF2S2
CSNK2A1	EIF4EBP1
CSNK2A1	EIF5
CSNK2A1	EXOSC9
CSNK2A1	FOSB
CSNK2A1	GPI
CSNK2A1	HCLS1
CSNK2A1	HDAC1
CSNK2A1	HDAC2
CSNK2A1	HDAC3
CSNK2A1	HMGN1
CSNK2A1	HNRNPC
CSNK2A1	HSP90AB1
CSNK2A1	IFI16
CSNK2A1	IFI203
CSNK2A1	IFI204
CSNK2A1	IFI205A
CSNK2A1	IGFBP3
CSNK2A1	JUN
CSNK2A1	LEF1
CSNK2A1	LIG1
CSNK2A1	MAPK9
CSNK2A1	MAX
CSNK2A1	MAZ
CSNK2A1	MCM2
CSNK2A1	MDC1
CSNK2A1	MME
CSNK2A1	MNDA
CSNK2A1	MNDAL
CSNK2A1	MYH9
CSNK2A1	NPHP1
CSNK2A1	NR1H3
CSNK2A1	OCLN
CSNK2A1	PDCD5
CSNK2A1	PDCL
CSNK2A1	PIAS1
CSNK2A1	PIP4K2A
CSNK2A1	PKD2
CSNK2A1	PML
CSNK2A1	PPP1R2
CSNK2A1	PRPF3
CSNK2A1	PTEN
CSNK2A1	PTGES3
CSNK2A1	PTPRC
CSNK2A1	PYDC3
CSNK2A1	PYHIN1
CSNK2A1	Q504N7
CSNK2A1	RANGAP1
CSNK2A1	RELA
CSNK2A1	RNF7
CSNK2A1	RRN3
CSNK2A1	SHOX
CSNK2A1	SNAI1
CSNK2A1	SNCA
CSNK2A1	SP1
CSNK2A1	SPIB
CSNK2A1	SPTBN1
CSNK2A1	SRF
CSNK2A1	SSB
CSNK2A1	SSRP1
CSNK2A1	STARD10
CSNK2A1	STX1A
CSNK2A1	TELO2
CSNK2A1	TERF1
CSNK2A1	TFAP2A
CSNK2A1	TLE1
CSNK2A1	TNFAIP1
CSNK2A1	TOP2A
CSNK2A1	TP53
CSNK2A1	TTI1
CSNK2A1	TWIST1
CSNK2A1	UBE2R2
CSNK2A1	VAMP4
CSNK2A1	VDR
CSNK2A1	WAS
CSNK2A1	WASF2
CSNK2A1	XRCC1
CSNK2A1	YY1
CSNK2A2	ARRB2
CSNK2A2	BID
CSNK2A2	CTDP1
CSNK2A2	CTNNB1
CSNK2A2	EIF2B5
CSNK2A2	EIF4EBP1
CSNK2A2	HDAC1
CSNK2A2	HDAC2
CSNK2A2	HSF1
CSNK2A2	NFKBIA
CSNK2A2	NKX3-1
CSNK2A2	PTPRC
CSNK2A2	RELA
CSNK2A2	SPIB
CSNK2A2	UBE2R2
CSNK2A2	WAS
CSNK2A2	XRCC1
CSNK2B	BID
CSNK2B	CTDP1
CSNK2B	CTNNB1
CSNK2B	EIF5
CSNK2B	OCLN
CSNK2B	RNF7
CSNK2B	TP53
DAPK1	CAMKK2
DAPK1	MAPK1
DAPK1	MAPK3
DAPK1	MCM3
DAPK1	STX1A
DAPK1	TP53
DAPK3	CDKN1A
DAPK3	MDM2
DAPK3	MYL12B
DAPK3	MYL9
DAPK3	PPP1R14A
DAPK3	RLC-A
DAPK3	TP53
DDR1	SHC1
DDR2	SHC1
DMPK	PLN
DMPK	PPP1R12A
DYRK1A	AMPH
DYRK1A	CCND1
DYRK1A	CCNL2
DYRK1A	DNM1
DYRK1A	FOXO1
DYRK1A	GLI1
DYRK1A	MAPT
DYRK1A	RCAN1
DYRK1A	SF3B1
DYRK1A	SNCA
DYRK1A	SPRY2
DYRK1A	TP53
DYRK1B	CCND1
DYRK1B	HNF1A
DYRK2	DPYSL3
DYRK2	SIAH2
DYRK2	TP53
DYRK3	AKT1S1
EEF2K	EEF2
EGFR	ANXA1
EGFR	CAV1
EGFR	CBL
EGFR	CCND1
EGFR	CDH1
EGFR	CTNNB1
EGFR	CTNND1
EGFR	EPS15
EGFR	ERBB2
EGFR	ERBB3
EGFR	ESR1
EGFR	EZR
EGFR	GAB1
EGFR	GSTP1
EGFR	GSTP2
EGFR	HDAC6
EGFR	HGS
EGFR	MUC1
EGFR	NCK1
EGFR	NCK2
EGFR	PCNA
EGFR	PIK3C2B
EGFR	PIK3R1
EGFR	PKIA
EGFR	PLCG1
EGFR	PLD2
EGFR	PTK2
EGFR	PTK2B
EGFR	PTPN1
EGFR	PTPN11
EGFR	RGS16
EGFR	SCAMP3
EGFR	SHC1
EGFR	SHC2
EGFR	SHC3
EGFR	STAT1
EGFR	STAT3
EGFR	STAT5A
EGFR	STAT5B
EGFR	VAV2
EIF2AK2	CDK1
EIF2AK2	EIF2S1
EIF2AK2	PPP2R5A
EIF2AK2	STAT1
EIF2AK2	TP53
EIF2AK3	NFE2L2
EPHA2	SHC1
EPHA3	CRK
EPHA4	FYN
EPHA4	NGEF
EPHB1	GRB7
EPHB1	NCK1
EPHB2	EFNB2
EPHB2	RASA1
EPHB2	RRAS
EPHB2	SRC
EPHB2	SYNJ1
ERBB2	CDK1
ERBB2	DOCK7
ERBB2	EGFR
ERBB2	ERBB3
ERBB2	ERBB4
ERBB2	ESR1
ERBB2	GRB2
ERBB2	PIK3R1
ERBB2	PLCG1
ERBB2	SHC1
ERBB2	SHC3
ERBB3	GRB2
ERBB3	GRB7
ERBB3	PIK3R1
ERBB4	GRB2
ERBB4	STAT5A
FCGR3A	LCK
FER	AR
FER	CTTN
FER	STAT3
FES	BCR
FGFR1	BCAR1
FGFR1	CTTN
FGFR1	FRS2
FGFR1	LDHA
FGFR1	PDK1
FGFR1	SHB
FGFR1	SYNCRIP
FGFR3	STAT1
FGFR3	STAT3
FGFR4	STAT1
FGFR4	STAT3
FGR	HCLS1
FGR	PTK2
FGR	SNCA
FLT1	PLCG1
FLT4	SHC1
FYN	ABL1
FYN	AGAP2
FYN	ARHGAP33
FYN	CBL
FYN	CD247
FYN	CD5
FYN	CD79A
FYN	CD79B
FYN	CDK5
FYN	CHN2
FYN	CTLA4
FYN	DLG4
FYN	DOK1
FYN	FYB
FYN	FYB1
FYN	GRB10
FYN	GRIN2A
FYN	GRIN2B
FYN	H3F3A
FYN	H3F3B
FYN	ITPR1
FYN	JUP
FYN	LCP2
FYN	MAP2
FYN	MAPK14
FYN	MAPT
FYN	PLCG1
FYN	PLCG2
FYN	PTPN11
FYN	PTPRF
FYN	PXN
FYN	RPS6KA3
FYN	SCN5A
FYN	SHC1
FYN	SKAP1
FYN	SLAMF1
FYN	SNCA
FYN	TGFB1I1
FYN	TRPC6
FYN	TRPV4
FYN	TXK
FYN	VAV1
FYN	WAS
GRK2	ADRB2
GRK2	BDKRB2
GRK2	CCR5
GRK2	CHRM2
GRK2	EZR
GRK2	MAPK14
GRK2	MC4R
GRK2	OPRD1
GRK2	PDE6G
GRK2	RPLP2
GRK2	SNCA
GRK2	TBXA2R
GRK3	BDKRB2
GRK3	CCR5
GRK3	OPRM1
GRK4	BDKRB2
GRK5	ADRB2
GRK5	BDKRB2
GRK5	SNCA
GRK5	TP53
GRK6	BDKRB2
GRK6	CXCR4
GRK6	SLC9A3R1
GSK3A	BCL3
GSK3A	CREB1
GSK3A	CTNNB1
GSK3A	EIF2B5
GSK3A	JUN
GSK3A	LRP6
GSK3A	MAPT
GSK3A	MCL1
GSK3A	MITF
GSK3A	MYC
GSK3B	APC
GSK3B	ARNTL
GSK3B	AXIN1
GSK3B	BCL2L12
GSK3B	BORA
GSK3B	CCND2
GSK3B	CCND3
GSK3B	CCNE1
GSK3B	CDC25A
GSK3B	CDKN1A
GSK3B	CEBPB
GSK3B	CIITA
GSK3B	CREB1
GSK3B	CTNNB1
GSK3B	DCX
GSK3B	EIF2B5
GSK3B	EIF4EBP1
GSK3B	ESR1
GSK3B	FBXO4
GSK3B	GYS1
GSK3B	HDAC4
GSK3B	HIST1H1B
GSK3B	HNRNPD
GSK3B	HSF1
GSK3B	KAT5
GSK3B	KLF5
GSK3B	LRP6
GSK3B	MAPT
GSK3B	MARK2
GSK3B	MCL1
GSK3B	MYOCD
GSK3B	NACA
GSK3B	NEFH
GSK3B	NFE2L1
GSK3B	NFE2L2
GSK3B	NOTCH1
GSK3B	NOTCH2
GSK3B	NR1D1
GSK3B	PHLPP1
GSK3B	PRKCE
GSK3B	PSEN1
GSK3B	PTEN
GSK3B	RBM38
GSK3B	RELA
GSK3B	SFPQ
GSK3B	SNAI1
GSK3B	SNCAIP
GSK3B	SPAG5
GSK3B	SREBF1
GSK3B	TP53
HCK	ABL1
HCK	ADAM15
HCK	BCR
HCK	CBL
HCK	ELMO1
HCK	PLCG1
HCK	RAPGEF1
HCK	STAT5B
HCK	TRPV4
HIPK2	CBX4
HIPK2	CDKN1B
HIPK2	CREB1
HIPK2	DAXX
HIPK2	HMGA1
HIPK2	PAX6
HIPK2	PML
HIPK2	SKI
HIPK2	SMAD1
HIPK2	TP53
ICK	RPTOR
IGF1R	GRB10
IGF1R	IRS1
IGF1R	IRS2
IGF1R	IRS4
IGF1R	PDPK1
IGF1R	PIK3R1
IGF1R	PIK3R3
IGF1R	RASA1
IGF1R	SHC1
IGF1R	SIRPA
IKBKB	CDKN2A
IKBKB	DOK1
IKBKB	EIF2AK2
IKBKB	FOXO3
IKBKB	IRF3
IKBKB	IRS1
IKBKB	IRS2
IKBKB	NCOA3
IKBKB	NFKBIB
IKBKB	RELA
IKBKB	TP63
IKBKB	TSC1
IKBKB	YWHAB
IKBKE	ESR1
IKBKE	FOXO3
IKBKE	IRF3
IKBKE	IRF7
IKBKE	NFKBIA
IKBKE	REL
IKBKE	RELA
IKBKG	NFKBIA
IL6ST	SHC1
ILK	AKT1
ILK	MYL12B
ILK	NACA
ILK	PPP1R12A
ILK	PPP1R14B
ILK	PPP1R14C
ILK	RLC-A
INSR	CBL
INSR	DOK1
INSR	GAB1
INSR	GRB10
INSR	GRB7
INSR	IRS1
INSR	IRS2
INSR	PTK2
INSR	PTPN1
INSR	PTPN6
INSR	SHC1
IRAK1	IRAK2
IRAK1	IRAK3
IRAK1	IRF7
IRAK1	PELI1
IRAK1	PELI3
IRAK1	STAT3
IRAK1	TAB1
IRAK1	TAB2
IRAK1	TLR2
IRAK1	TRAF6
IRAK3	TRAF6
IRAK4	IRAK1
IRAK4	NCF1
IRAK4	PELI2
IRAK4	TRAF6
IRS1	GRB2
ITK	CD28
ITK	PLCG1
ITK	SIGLEC10
ITK	TEC
JAK1	IFNGR1
JAK1	IL4R
JAK1	IRS1
JAK1	IRS2
JAK1	JAK3
JAK1	MAP3K5
JAK1	PTPN11
JAK1	SOCS3
JAK1	STAT1
JAK1	STAT2
JAK1	STAT3
JAK1	STAT5A
JAK1	STAT6
JAK1	TYK2
JAK2	ARHGEF1
JAK2	CCR2
JAK2	CTLA4
JAK2	EPOR
JAK2	EZH2
JAK2	GAB2
JAK2	GHR
JAK2	GTF2I
JAK2	HIST1H3A
JAK2	HIST1H3B
JAK2	IFNGR1
JAK2	IFNGR2
JAK2	MAP3K5
JAK2	PRMT5
JAK2	PTPN11
JAK2	PTPN6
JAK2	Q6LED0
JAK2	RAF1
JAK2	STAM
JAK2	STAT1
JAK2	STAT3
JAK2	STAT5A
JAK2	STAT5B
JAK3	JAK1
JAK3	PLD2
JAK3	PTK2B
JAK3	SHC1
JAK3	SIGLEC10
JAK3	SOCS3
JAK3	STAM
JAK3	STAT1
JAK3	STAT3
JAK3	STAT5A
KDR	ANXA5
KDR	PLCG1
KDR	SHC1
KDR	SHC2
KIT	GRB2
KIT	GRB7
KIT	LYN
KIT	SPRED2
KIT	STAT5A
KIT	STAT5B
KSR1	RAF1
LAT	GRB2
LAT	PLCG1
LAT	VAV1
LATS2	SNAI1
LATS2	YAP1
LATS2	YWHAG
LCK	ADAM15
LCK	CBL
LCK	CD247
LCK	CD28
LCK	CD33
LCK	CD5
LCK	CTLA4
LCK	DAPP1
LCK	DEF6
LCK	DOK1
LCK	ESR1
LCK	FOXP3
LCK	IL2RB
LCK	ITK
LCK	LAT
LCK	LCP2
LCK	MED28
LCK	MUC1
LCK	NFKBIA
LCK	NOTCH1
LCK	PLCG1
LCK	PLCG2
LCK	PRKCQ
LCK	PTEN
LCK	PTPN6
LCK	RAF1
LCK	RASA1
LCK	SH2B3
LCK	SHC1
LCK	SIGLEC10
LCK	SLAMF1
LCK	SOCS3
LCK	STAT1
LCK	TRPV4
LCK	VAV1
LCK	VAV2
LIMK1	CFL2
LRRK2	AKT1
LRRK2	MAPT
LRRK2	MSN
LRRK2	SNAPIN
LTK	CBL
LTK	SHC1
LYN	BCAR1
LYN	BTK
LYN	CBL
LYN	CD19
LYN	CD22
LYN	CD79A
LYN	CD79B
LYN	CDKN1B
LYN	CSF2RB
LYN	CSF2RB2
LYN	DAPP1
LYN	DOK1
LYN	EPOR
LYN	FCGR2A
LYN	FCGR2B
LYN	FCGR2C
LYN	FCGR3
LYN	HCLS1
LYN	LIME1
LYN	MAP2
LYN	MS4A2
LYN	PLCG1
LYN	PPP1R15A
LYN	PTPN6
LYN	RGS16
LYN	SHC1
LYN	SLAMF1
LYN	SLC4A1
LYN	SNCA
LYN	STAT5A
LYN	SYK
LYN	TRPV4
MAP2K1	GSK3B
MAP2K1	MAPK1
MAP2K1	MAPK3
MAP2K1	RPS6KA4
MAP2K1	TAL1
MAP2K2	MAPK3
MAP2K3	MAPK12
MAP2K3	MAPK14
MAP2K4	MAPK10
MAP2K4	MAPK12
MAP2K4	MAPK14
MAP2K4	MAPK8
MAP2K4	MAPK9
MAP2K4	RXRA
MAP2K5	MAPK7
MAP2K6	MAPK12
MAP2K6	MAPK13
MAP2K6	MAPK14
MAP2K6	PAK6
MAP2K7	FADD
MAP2K7	MAPK10
MAP2K7	MAPK8
MAP2K7	MAPK9
MAP3K1	FADD
MAP3K1	MAP2K4
MAP3K1	MAP2K7
MAP3K10	DLG4
MAP3K10	TCF3
MAP3K11	MAP2K3
MAP3K11	MAP2K4
MAP3K11	PIN1
MAP3K12	MYL12B
MAP3K12	RLC-A
MAP3K13	MAP2K7
MAP3K14	CHUK
MAP3K14	IKBKB
MAP3K14	NFKB2
MAP3K14	TRAF2
MAP3K2	MAP2K4
MAP3K2	MAP2K7
MAP3K2	NFKBIA
MAP3K20	MAP2K7
MAP3K3	NFKBIA
MAP3K3	RCAN1
MAP3K4	MAP2K3
MAP3K4	MAP2K4
MAP3K5	CDKN1A
MAP3K5	DAXX
MAP3K5	MAP2K3
MAP3K5	MAP2K4
MAP3K5	MAP2K6
MAP3K5	MAP2K7
MAP3K5	MAPK14
MAP3K5	MAPK8
MAP3K5	TNNT2
MAP3K5	ZNF622
MAP3K7	HDAC7
MAP3K7	IKBKB
MAP3K7	KSR1
MAP3K7	MAP2K6
MAP3K7	PRKAA2
MAP3K7	TAB1
MAP3K7	TAB2
MAP3K8	MAP2K1
MAP3K8	MAP2K2
MAP3K8	MAP2K3
MAP3K8	MAP2K4
MAP3K8	MAP3K14
MAP3K8	NFKB1
MAP3K8	PLK1
MAP4K1	LCP2
MAP4K1	MAP3K11
MAP4K1	MAP3K7
MAP4K2	MAP3K1
MAP4K3	PRKCQ
MAP4K4	MAP3K7
MAP4K5	GSK3B
MAPK1	ABI1
MAPK1	APBB1
MAPK1	AR
MAPK1	ARHGEF2
MAPK1	ARRB1
MAPK1	ATF2
MAPK1	BCL2
MAPK1	BCL2L11
MAPK1	BCL6
MAPK1	BMF
MAPK1	BRAF
MAPK1	CAD
MAPK1	CAPN2
MAPK1	CASP8
MAPK1	CASP9
MAPK1	CDK2
MAPK1	CDKN1A
MAPK1	CEBPA
MAPK1	CEBPB
MAPK1	CEP55
MAPK1	CIC
MAPK1	CSNK2A1
MAPK1	CTTN
MAPK1	DAPK1
MAPK1	DUSP16
MAPK1	DUSP6
MAPK1	EGFR
MAPK1	EIF2AK2
MAPK1	EIF4EBP1
MAPK1	ELK1
MAPK1	EP300
MAPK1	ESPL1
MAPK1	ESR1
MAPK1	EXOC7
MAPK1	FGFR1
MAPK1	FOS
MAPK1	FOXO3
MAPK1	GAB1
MAPK1	GAB2
MAPK1	GJA1
MAPK1	GORASP2
MAPK1	GRB10
MAPK1	GTF2I
MAPK1	HIF1A
MAPK1	IER3
MAPK1	IL16
MAPK1	IRS1
MAPK1	JUN
MAPK1	JUND
MAPK1	KHDRBS1
MAPK1	KSR1
MAPK1	L1CAM
MAPK1	LIFR
MAPK1	MAFA
MAPK1	MAP2K1
MAPK1	MAP2K2
MAPK1	MAPKAPK2
MAPK1	MAPKAPK5
MAPK1	MBP
MAPK1	MCL1
MAPK1	MED1
MAPK1	MKL1
MAPK1	MKNK1
MAPK1	MYC
MAPK1	NCF1
MAPK1	NCOA1
MAPK1	NDE1
MAPK1	NEFH
MAPK1	NFATC4
MAPK1	NOX5
MAPK1	NOXA1
MAPK1	NR3C1
MAPK1	NR4A1
MAPK1	NR4A2
MAPK1	PAK1
MAPK1	PARP1
MAPK1	PDE4C
MAPK1	PGR
MAPK1	PITPNM1
MAPK1	PLA2G4A
MAPK1	PML
MAPK1	POLR2A
MAPK1	POU5F1
MAPK1	PPARA
MAPK1	PPARG
MAPK1	PPP1R9B
MAPK1	PRDX6
MAPK1	PXN
MAPK1	RELA
MAPK1	RGS19
MAPK1	RORA
MAPK1	RPS3
MAPK1	RPS6KA1
MAPK1	RPS6KA5
MAPK1	RPS6KB1
MAPK1	RPTOR
MAPK1	RXRA
MAPK1	SLC9A1
MAPK1	SMAD1
MAPK1	SMAD4
MAPK1	SORBS3
MAPK1	SP1
MAPK1	SP3
MAPK1	SPHK1
MAPK1	SPHK2
MAPK1	SREBF1
MAPK1	SREBF2
MAPK1	STAT3
MAPK1	STAT5A
MAPK1	STIM1
MAPK1	STMN1
MAPK1	TCF3
MAPK1	TH
MAPK1	TNIP1
MAPK1	TOB1
MAPK1	TP53
MAPK1	TPR
MAPK1	TSC2
MAPK1	TWIST1
MAPK1	UBTF
MAPK1	ZFP36
MAPK10	APP
MAPK10	ATF2
MAPK10	ATN1
MAPK10	BCL2L11
MAPK10	HNRNPK
MAPK10	JUN
MAPK10	MAPK8IP3
MAPK10	NFATC1
MAPK10	STMN1
MAPK10	STMN2
MAPK10	TP53
MAPK11	ATF2
MAPK11	EGFR
MAPK11	HBP1
MAPK11	MAPKAPK5
MAPK11	TAB1
MAPK12	MAPT
MAPK12	SH3BP5
MAPK12	SNTA1
MAPK13	ATF2
MAPK13	EEF2K
MAPK13	MAPT
MAPK13	STMN1
MAPK14	ATF2
MAPK14	BAZ1B
MAPK14	BCL2
MAPK14	CASP3
MAPK14	CASP8
MAPK14	CCND2
MAPK14	CDC25B
MAPK14	CDKN1A
MAPK14	CDX2
MAPK14	DDIT3
MAPK14	DUSP1
MAPK14	EEA1
MAPK14	EGFR
MAPK14	EIF4EBP1
MAPK14	ELAVL1
MAPK14	ELK1
MAPK14	ELK3
MAPK14	EPS15
MAPK14	ESR1
MAPK14	F3
MAPK14	FGFR1
MAPK14	FOXO3
MAPK14	GSK3B
MAPK14	HBP1
MAPK14	JUN
MAPK14	JUNB
MAPK14	KRT8
MAPK14	MAPKAPK2
MAPK14	MAPKAPK5
MAPK14	MEF2C
MAPK14	MKNK1
MAPK14	NCOA3
MAPK14	NFATC4
MAPK14	NR3C1
MAPK14	PAK6
MAPK14	PIP4K2B
MAPK14	PLA2G4A
MAPK14	PPARGC1A
MAPK14	RB1
MAPK14	RBSN
MAPK14	RPS6KA4
MAPK14	RPS6KA5
MAPK14	SLC9A1
MAPK14	SMAD3
MAPK14	STAT1
MAPK14	STAT3
MAPK14	STAT4
MAPK14	TAB1
MAPK14	TP53
MAPK14	TWIST1
MAPK14	USF1
MAPK14	ZNHIT1
MAPK15	JUN
MAPK3	ABI1
MAPK3	ADAM17
MAPK3	ARHGEF2
MAPK3	ARRB1
MAPK3	ATF2
MAPK3	BAZ1B
MAPK3	BCL2L11
MAPK3	BCL6
MAPK3	BRAF
MAPK3	CAD
MAPK3	CALD1
MAPK3	CAPN2
MAPK3	CASP8
MAPK3	CASP9
MAPK3	CDKN1B
MAPK3	CEBPA
MAPK3	CEBPB
MAPK3	CIC
MAPK3	CTTN
MAPK3	DUSP6
MAPK3	EGFR
MAPK3	ELK1
MAPK3	ELK4
MAPK3	ESR1
MAPK3	ETS1
MAPK3	ETV6
MAPK3	FGFR1
MAPK3	FOS
MAPK3	FOXO3
MAPK3	GAB2
MAPK3	GATA1
MAPK3	GJA1
MAPK3	GRB10
MAPK3	GRK2
MAPK3	GSK3B
MAPK3	GTF2I
MAPK3	HDAC6
MAPK3	HIF1A
MAPK3	HNRNPK
MAPK3	HSF1
MAPK3	HSPB8
MAPK3	IL16
MAPK3	IRS1
MAPK3	JUN
MAPK3	JUND
MAPK3	KARS
MAPK3	LAT
MAPK3	LIFR
MAPK3	LRP6
MAPK3	MAGEA11
MAPK3	MAP2K1
MAPK3	MAPKAPK2
MAPK3	MAPT
MAPK3	MAZ
MAPK3	MBP
MAPK3	MCL1
MAPK3	MED1
MAPK3	MKL1
MAPK3	MKNK1
MAPK3	MYB
MAPK3	MYC
MAPK3	NCF1
MAPK3	NCOA1
MAPK3	NFATC1
MAPK3	NFATC4
MAPK3	NOS2
MAPK3	NOXA1
MAPK3	NR3C1
MAPK3	NUP50
MAPK3	PDE4D
MAPK3	PGR
MAPK3	PLA2G4A
MAPK3	PML
MAPK3	POLR2A
MAPK3	POU5F1
MAPK3	PPARA
MAPK3	RCAN1
MAPK3	RPS3
MAPK3	RPS6KA1
MAPK3	RPS6KA3
MAPK3	RPS6KA5
MAPK3	RPTOR
MAPK3	RRN3
MAPK3	RUNX2
MAPK3	RXRA
MAPK3	SMAD4
MAPK3	SP1
MAPK3	SP3
MAPK3	SPHK1
MAPK3	SPHK2
MAPK3	SREBF1
MAPK3	SREBF2
MAPK3	STAT3
MAPK3	STAT5A
MAPK3	STMN1
MAPK3	SULT4A1
MAPK3	SYN3
MAPK3	TCF3
MAPK3	TH
MAPK3	TOB1
MAPK3	TP53
MAPK3	TSC2
MAPK3	TWIST1
MAPK3	UBTF
MAPK6	NCOA3
MAPK7	ETS1
MAPK7	GJA1
MAPK7	MAP2K5
MAPK7	MEF2A
MAPK7	MEF2C
MAPK7	MEF2D
MAPK7	PML
MAPK7	PTPRR
MAPK7	RPS6KA1
MAPK7	SGK1
MAPK8	AIMP1
MAPK8	APLP2
MAPK8	APP
MAPK8	AR
MAPK8	ATF2
MAPK8	ATN1
MAPK8	BCL2L1
MAPK8	BMF
MAPK8	CDC25B
MAPK8	CDC25C
MAPK8	CDKN1A
MAPK8	CTBP1
MAPK8	DUSP1
MAPK8	EIF4ENIF1
MAPK8	ELK1
MAPK8	ELK4
MAPK8	FOXO4
MAPK8	HNRNPK
MAPK8	HSF1
MAPK8	IRF3
MAPK8	IRS1
MAPK8	JDP2
MAPK8	JUN
MAPK8	JUND
MAPK8	KRT8
MAPK8	LAT
MAPK8	MAPK8IP1
MAPK8	MAPK8IP3
MAPK8	MAPT
MAPK8	MCL1
MAPK8	MYC
MAPK8	NFATC4
MAPK8	NR3C1
MAPK8	NR4A1
MAPK8	PAX2
MAPK8	PPARA
MAPK8	PPARG
MAPK8	PXN
MAPK8	RARA
MAPK8	RXRA
MAPK8	SFN
MAPK8	SIRT1
MAPK8	SP1
MAPK8	STAT3
MAPK8	STAT6
MAPK8	STK4
MAPK8	STMN1
MAPK8	TP53
MAPK8	TWIST1
MAPK8	WWOX
MAPK8	YWHAB
MAPK8	YWHAZ
MAPK9	ATF2
MAPK9	BAZ1B
MAPK9	BCL2L11
MAPK9	CDC25C
MAPK9	ELK1
MAPK9	FOXO4
MAPK9	H3F3A
MAPK9	H3F3B
MAPK9	MAPK8IP1
MAPK9	MAPK8IP3
MAPK9	MFN2
MAPK9	MYC
MAPK9	NFATC3
MAPK9	NFATC4
MAPK9	PSEN1
MAPK9	RRN3
MAPK9	RXRA
MAPK9	STAT3
MAPK9	STMN1
MAPK9	TOB1
MAPK9	TP53
MAPKAPK2	AATF
MAPKAPK2	AGO2
MAPKAPK2	ARPC5
MAPKAPK2	BAG2
MAPKAPK2	CDC25B
MAPKAPK2	CDC25C
MAPKAPK2	CREB1
MAPKAPK2	ETV1
MAPKAPK2	HNRNPA0
MAPKAPK2	HSF1
MAPKAPK2	LIMK1
MAPKAPK2	LSP1
MAPKAPK2	MAPK14
MAPKAPK2	MDM2
MAPKAPK2	PARN
MAPKAPK2	PIAS1
MAPKAPK2	PLK1
MAPKAPK2	SRF
MAPKAPK2	TCF3
MAPKAPK2	TH
MAPKAPK2	TSC2
MAPKAPK2	VIM
MAPKAPK2	YWHAZ
MAPKAPK2	ZFP36L1
MAPKAPK3	HSPB1
MAPKAPK5	DNAJB1
MAPKAPK5	PLA2G4A
MAPKAPK5	TH
MAPKAPK5	TP53
MARK1	MAP2
MARK1	MAP4
MARK1	MAPT
MARK2	ARHGEF2
MARK2	DVL3
MARK2	HDAC7
MARK2	MAPT
MARK2	PARD3
MARK2	RAB11FIP2
MARK2	UTRN
MAST1	PTEN
MAST2	PTEN
MET	GAB1
MET	PTK2
MET	RANBP9
MET	SHC1
MKNK1	EIF4E
MKNK1	EIF4G1
MKNK1	PLA2G4A
MKNK1	SPRY2
MKNK2	EIF4E
MST1	HIST1H2BB
MST1	STK4
MST1R	MET
MST1R	YWHAB
MST1R	YWHAQ
MTOR	AKT1
MTOR	AKT1S1
MTOR	CLIP1
MTOR	DAP
MTOR	DEPTOR
MTOR	GRB10
MTOR	ISCU
MTOR	MAF1
MTOR	RPS6KB1
MTOR	RPS6KB2
MTOR	RPTOR
MTOR	SGK1
MTOR	ULK1
MYLK	MYL12B
MYLK	MYL9
MYT1	CDK1
NEK11	CDC25A
NEK2	CNTROB
NEK2	NDC80
NEK2	NEK11
NEK2	PPP1CC
NEK2	SGO1
NEK2	SGOL1
NLK	MYB
NLK	SMAD4
NLK	STAT3
NLK	TCF4
NLK	TCF7L2
NME2	KCNN4
NTRK1	ARHGAP32
NTRK1	CRK
NTRK1	FRS2
NTRK1	GRB2
NTRK1	IRS1
NTRK1	MATK
NTRK1	NGF
NTRK1	PLCG1
NTRK1	SH2B1
NTRK1	SH2B2
NTRK1	SHC1
NTRK2	FRS3
NTRK2	KCNA3
NTRK2	NCK2
NTRK2	SHC1
NTRK2	SHC3
NTRK3	PLCG1
NTRK3	SHC1
NUAK1	LATS1
NUAK1	PPP1R12A
NUAK1	TP53
NUAK2	LATS1
OXSR1	PAK1
OXSR1	SLC12A2
OXSR1	SLC12A3
PAK1	ARHGDIA
PAK1	ARHGEF2
PAK1	ARHGEF7
PAK1	ARPC1B
PAK1	AURKA
PAK1	BAD
PAK1	CASP1
PAK1	CDC42
PAK1	CTBP1
PAK1	CTTN
PAK1	DYNLL1
PAK1	ELF3
PAK1	ESR1
PAK1	FLNA
PAK1	GNAZ
PAK1	HIST1H3A
PAK1	ILK
PAK1	ITGB3BP
PAK1	KIF2C
PAK1	LIMK1
PAK1	MAP2K1
PAK1	MAP3K1
PAK1	MYLK
PAK1	NCK1
PAK1	NF2
PAK1	PA2G4
PAK1	PGAM1
PAK1	PGM1
PAK1	PLK1
PAK1	PXN
PAK1	Q6LED0
PAK1	RAC1
PAK1	RAF1
PAK1	SNAI1
PAK1	STMN1
PAK1	SYN1
PAK1	TBCB
PAK1	VIM
PAK2	CASP7
PAK2	EIF4G1
PAK2	JUN
PAK2	MKNK1
PAK2	MYLK
PAK2	NF2
PAK2	PRL
PAK3	MYO6
PAK3	RAF1
PAK3	TNNI3
PAK4	CTNNB1
PAK4	ITGB5
PAK4	RAN
PAK6	AR
PBK	GPSM2
PBK	HIST1H3A
PBK	HIST1H3B
PBK	PRDX1
PDGFRA	CRK
PDGFRA	PLCG1
PDGFRA	SRC
PDGFRB	CRK
PDGFRB	GRB2
PDGFRB	NCK1
PDGFRB	NCK2
PDGFRB	PDGFRA
PDGFRB	PLCG1
PDGFRB	PTK2
PDGFRB	PTPN11
PDGFRB	RASA1
PDGFRB	SHC1
PDGFRB	SRC
PDK1	AKT1
PDK1	AKT2
PDK1	PAK1
PDK1	PDHA1
PDK1	PDHA2
PDK1	PKN2
PDK1	RPS6KB1
PDK1	SGK1
PDK2	PDHA1
PDK2	PDHA2
PDK3	PDHA2
PDK4	PDHA1
PDK4	PDHA2
PDPK1	AKT1
PDPK1	AKT2
PDPK1	AKT3
PDPK1	CARD11
PDPK1	ITGB3
PDPK1	MAP2K2
PDPK1	PAK1
PDPK1	PKN1
PDPK1	PKN2
PDPK1	PRKACA
PDPK1	PRKCB
PDPK1	PRKCD
PDPK1	PRKCE
PDPK1	PRKCI
PDPK1	PRKCQ
PDPK1	PRKCZ
PDPK1	RPS6KA1
PDPK1	RPS6KA3
PDPK1	RPS6KB1
PDPK1	RPS6KB2
PDPK1	SGK1
PDPK1	SGK2
PDPK1	SGK3
PIK3CA	RPS6KB1
PIK3R4	PIK3C3
PIM1	BAD
PIM1	CDKN1A
PIM1	CDKN1B
PIM1	FOXO3
PIM1	HIST1H3A
PIM1	MAP3K5
PIM1	MARK3
PIM1	MDM2
PIM1	Q6LED0
PIM1	RELA
PIM2	BAD
PIM2	CDKN1A
PIM3	BAD
PINK1	PARK2
PINK1	PRKN
PINK1	RHOT1
PKM	STAT3
PKMYT1	CDK1
PKN1	EGFR
PKN1	MAPT
PKN1	MARCKS
PLK1	ANAPC1
PLK1	ATXN10
PLK1	BIRC5
PLK1	BORA
PLK1	BRCA2
PLK1	BUB1B
PLK1	CCNB1
PLK1	CDC23
PLK1	CDC25B
PLK1	CDC25C
PLK1	CDC6
PLK1	CENPU
PLK1	CEP55
PLK1	CLIP1
PLK1	CLSPN
PLK1	DCTN1
PLK1	DVL2
PLK1	ECT2
PLK1	ERCC6L
PLK1	EVI5
PLK1	FADD
PLK1	FBXO5
PLK1	FOXM1
PLK1	GTSE1
PLK1	HSF1
PLK1	IKBKB
PLK1	IRS1
PLK1	KAT7
PLK1	KIF2B
PLK1	MAP9
PLK1	MDM2
PLK1	NINL
PLK1	NPM1
PLK1	NUDC
PLK1	OPTN
PLK1	PIN1
PLK1	PINX1
PLK1	PKMYT1
PLK1	PLEKHG6
PLK1	RACGAP1
PLK1	RAN
PLK1	SNCA
PLK1	TERF1
PLK1	TOP2A
PLK1	TOPORS
PLK1	TP73
PLK1	TPT1
PLK1	TRIOBP
PLK1	VIM
PLK1	WEE1
PLK1	YY1
PLK2	CENPJ
PLK2	FBXW7
PLK2	SNCA
PLK2	SNCB
PLK3	ATF2
PLK3	BCL2L1
PLK3	CDC25A
PLK3	CDC25C
PLK3	CHEK2
PLK3	HIF1A
PLK3	JUN
PLK3	PTEN
PLK3	SNCA
PLK3	SNCB
PLK3	TOP2A
PLK3	TP53
PLK3	VRK1
PLK4	CENPJ
PRKAA1	ACACA
PRKAA1	ACACB
PRKAA1	CTBP1
PRKAA1	EEF2K
PRKAA1	EP300
PRKAA1	FOXO1
PRKAA1	FOXO3
PRKAA1	GBF1
PRKAA1	HDAC5
PRKAA1	HNF4A
PRKAA1	KLC2
PRKAA1	KPNA2
PRKAA1	LIPE
PRKAA1	PFKFB2
PRKAA1	PFKFB3
PRKAA1	POU2F1
PRKAA1	PRKAB1
PRKAA1	RPTOR
PRKAA1	RRN3
PRKAA1	TBC1D1
PRKAA1	TP53
PRKAA1	ULK1
PRKAA1	ZNF692
PRKAA2	ACACA
PRKAA2	ACACB
PRKAA2	BAIAP2
PRKAA2	EEF2K
PRKAA2	HNF4A
PRKAA2	IKBKB
PRKAA2	PFKFB2
PRKAA2	PLD1
PRKAA2	PPP1R12C
PRKACA	ADD1
PRKACA	ADRB2
PRKACA	APC
PRKACA	APOBEC3G
PRKACA	AQP2
PRKACA	AURKA
PRKACA	BAD
PRKACA	BRAF
PRKACA	CA9
PRKACA	CAD
PRKACA	CAMKK1
PRKACA	CAPN2
PRKACA	CASP9
PRKACA	CBX3
PRKACA	CD44
PRKACA	CDK16
PRKACA	CFTR
PRKACA	CIITA
PRKACA	CREB1
PRKACA	CSK
PRKACA	CTNNB1
PRKACA	DSP
PRKACA	DUOX1
PRKACA	DYNLRB1
PRKACA	ERBB2
PRKACA	ETV1
PRKACA	ETV5
PRKACA	EZR
PRKACA	FLNA
PRKACA	FOS
PRKACA	FRAT1
PRKACA	FXYD1
PRKACA	FYN
PRKACA	GJA5
PRKACA	GLI1
PRKACA	GRIA1
PRKACA	GRIA4
PRKACA	GRIK2
PRKACA	GSK3A
PRKACA	GSK3B
PRKACA	GYS1
PRKACA	H3F3A
PRKACA	HDAC5
PRKACA	HDAC8
PRKACA	HMGN1
PRKACA	HNRNPD
PRKACA	HRH1
PRKACA	HSF1
PRKACA	HSPB6
PRKACA	ITGA4
PRKACA	ITGB4
PRKACA	KCND2
PRKACA	KCNH2
PRKACA	KCNJ13
PRKACA	KCNJ3
PRKACA	KCNK3
PRKACA	KCNK9
PRKACA	KCNN2
PRKACA	KDELR1
PRKACA	LASP1
PRKACA	LCP1
PRKACA	LRP6
PRKACA	MC4R
PRKACA	MCOLN1
PRKACA	MYBPC3
PRKACA	MYOM2
PRKACA	NCOA3
PRKACA	NDE1
PRKACA	NEDD4L
PRKACA	NFATC1
PRKACA	NFKB1
PRKACA	NOLC1
PRKACA	NOS1
PRKACA	NOS3
PRKACA	NOXA1
PRKACA	PDE3A
PRKACA	PDE3B
PRKACA	PDE4D
PRKACA	PDE5A
PRKACA	PHOX2A
PRKACA	PIN1
PRKACA	PLCB3
PRKACA	PLCG1
PRKACA	POLD3
PRKACA	PPP1R1B
PRKACA	PPP1R8
PRKACA	PPP1R9B
PRKACA	PPP2R5D
PRKACA	PRKAR2B
PRKACA	PTPN12
PRKACA	PTPN7
PRKACA	RAP1A
PRKACA	RAP1B
PRKACA	RASGRF1
PRKACA	RELA
PRKACA	RET
PRKACA	RGS10
PRKACA	RHOA
PRKACA	RXRA
PRKACA	RYR2
PRKACA	SNAPIN
PRKACA	SOX9
PRKACA	SRC
PRKACA	SREBF1
PRKACA	SRF
PRKACA	SRSF1
PRKACA	STK11
PRKACA	STK24
PRKACA	STMN1
PRKACA	SUFU
PRKACA	SYN1
PRKACA	TBXA2R
PRKACA	TFAM
PRKACA	TFAP2A
PRKACA	TNNI3
PRKACA	TPH2
PRKACA	TRPM8
PRKACA	TRPV1
PRKACA	TRPV4
PRKACA	VASP
PRKACA	VDR
PRKACA	WT1
PRKACA	YWHAZ
PRKCA	ACO1
PRKCA	ADCY5
PRKCA	ADD2
PRKCA	ANXA1
PRKCA	AQP1
PRKCA	ARHGDIA
PRKCA	ARHGDIB
PRKCA	ATP2B1
PRKCA	CASR
PRKCA	CBL
PRKCA	CD5
PRKCA	CDKN1A
PRKCA	CFL1
PRKCA	CHAT
PRKCA	CORO1B
PRKCA	CREBBP
PRKCA	CYTH2
PRKCA	DLX3
PRKCA	DNM1
PRKCA	DVL2
PRKCA	EDF1
PRKCA	EGFR
PRKCA	EGLN2
PRKCA	EIF4E
PRKCA	EWSR1
PRKCA	EZR
PRKCA	F11R
PRKCA	F3
PRKCA	GJA1
PRKCA	GNAZ
PRKCA	GRIA1
PRKCA	GRIA4
PRKCA	GRIN2A
PRKCA	GSK3A
PRKCA	GSK3B
PRKCA	HABP4
PRKCA	HMGN1
PRKCA	HMGN2
PRKCA	HRH1
PRKCA	HSPB8
PRKCA	IKBKB
PRKCA	INSR
PRKCA	IQGAP1
PRKCA	ITGB1
PRKCA	ITGB2
PRKCA	ITGB4
PRKCA	KCNJ13
PRKCA	KCNMA1
PRKCA	KIT
PRKCA	LRP1
PRKCA	MARCKS
PRKCA	MBP
PRKCA	MET
PRKCA	MYL9
PRKCA	NCF1
PRKCA	NFATC1
PRKCA	NFE2L2
PRKCA	NKX3-1
PRKCA	NOS1
PRKCA	NOS3
PRKCA	NOX5
PRKCA	NOXA1
PRKCA	NOXO1
PRKCA	NPHS1
PRKCA	NR1H4
PRKCA	PDE3A
PRKCA	PEA15
PRKCA	PEBP1
PRKCA	PLCB1
PRKCA	PLCB3
PRKCA	PLCG1
PRKCA	PLD1
PRKCA	PLD2
PRKCA	PLEK
PRKCA	PPARA
PRKCA	PRKD1
PRKCA	PRKD3
PRKCA	PRKG1
PRKCA	PSEN1
PRKCA	PTPN11
PRKCA	PTPN12
PRKCA	PTPN6
PRKCA	RPS6KB2
PRKCA	SDC2
PRKCA	SLC9A3R1
PRKCA	SNAP25
PRKCA	SRC
PRKCA	SRF
PRKCA	STXBP1
PRKCA	TBXA2R
PRKCA	THOC5
PRKCA	TNNI3
PRKCA	TRPC3
PRKCA	TRPM2
PRKCA	TRPM4
PRKCA	TRPV5
PRKCA	VCL
PRKCA	VIM
PRKCB	ANXA1
PRKCB	BTK
PRKCB	C5AR1
PRKCB	CASR
PRKCB	CHAT
PRKCB	CYTH2
PRKCB	DVL2
PRKCB	GSK3A
PRKCB	HABP4
PRKCB	IBTK
PRKCB	ILF3
PRKCB	KCNC4
PRKCB	MARCKS
PRKCB	NCF1
PRKCB	NFE2L2
PRKCB	ORAI1
PRKCB	RAF1
PRKCB	RPS6KB2
PRKCB	SDC2
PRKCB	STMN1
PRKCB	TOP2A
PRKCB	TYR
PRKCD	ADCY7
PRKCD	ADRBK1
PRKCD	BAG3
PRKCD	BDKRB2
PRKCD	CHAT
PRKCD	CHN2
PRKCD	DAB2
PRKCD	DAP3
PRKCD	DNM1L
PRKCD	ELAVL1
PRKCD	ENOX2
PRKCD	EP300
PRKCD	FLI1
PRKCD	FSCN1
PRKCD	G6PD
PRKCD	G6PDX
PRKCD	GRK2
PRKCD	GSK3A
PRKCD	HABP4
PRKCD	HIST1H3A
PRKCD	HIST1H3B
PRKCD	HNRNPK
PRKCD	IL6ST
PRKCD	IRS1
PRKCD	ITGA6
PRKCD	ITGB2
PRKCD	ITGB4
PRKCD	KCNJ1
PRKCD	KLF5
PRKCD	LIMK2
PRKCD	MUC1
PRKCD	NCF1
PRKCD	NCF4
PRKCD	NR2F6
PRKCD	PA2G4
PRKCD	PEBP1
PRKCD	PLD2
PRKCD	PLSCR1
PRKCD	PLSCR3
PRKCD	PRKD1
PRKCD	PRKDC
PRKCD	PTPN22
PRKCD	PTPRA
PRKCD	Q6LED0
PRKCD	RPS3
PRKCD	RPS6KB2
PRKCD	SDC4
PRKCD	SHC1
PRKCD	SMPD1
PRKCD	SRC
PRKCD	STAT1
PRKCD	STAT3
PRKCD	TP53
PRKCD	TP73
PRKCD	YWHAB
PRKCD	YWHAZ
PRKCE	ATF2
PRKCE	BAD
PRKCE	CHAT
PRKCE	CTNND1
PRKCE	FGFR1
PRKCE	GJA1
PRKCE	IQGAP1
PRKCE	ITGB1
PRKCE	KIR3DL1
PRKCE	MET
PRKCE	OCLN
PRKCE	PRKD2
PRKCE	RPS6KB2
PRKCE	SLC4A3
PRKCE	STAT3
PRKCE	TICAM2
PRKCE	TRPV1
PRKCG	ADRBK1
PRKCG	ANXA1
PRKCG	APTX
PRKCG	ARHGEF7
PRKCG	CD5
PRKCG	CHAT
PRKCG	CYTH2
PRKCG	DAB2
PRKCG	DVL2
PRKCG	GRIA4
PRKCG	GRK2
PRKCG	GSK3A
PRKCG	HABP4
PRKCG	HSP90AA1
PRKCG	KIR3DL1
PRKCG	PEBP1
PRKCG	RAF1
PRKCG	RPS6KB2
PRKCG	TOP2A
PRKCH	GSK3A
PRKCH	GSK3B
PRKCH	PRKD1
PRKCH	PRKD2
PRKCI	BAD
PRKCI	ECT2
PRKCI	EZR
PRKCQ	CARD11
PRKCQ	CHUK
PRKCQ	HABP4
PRKCQ	ICAM3
PRKCQ	IKBKB
PRKCQ	IRS1
PRKCQ	MSN
PRKCQ	RAPGEF2
PRKCQ	RASGRP1
PRKCQ	RASGRP3
PRKCQ	RDX
PRKCQ	STK39
PRKCQ	WIPF1
PRKCZ	ADD1
PRKCZ	ADD2
PRKCZ	AQP9
PRKCZ	CASP9
PRKCZ	CHAT
PRKCZ	FADD
PRKCZ	HABP4
PRKCZ	IKBKB
PRKCZ	IRS1
PRKCZ	MARK2
PRKCZ	MARK3
PRKCZ	MYH10
PRKCZ	NCF1
PRKCZ	NR1H4
PRKCZ	PEBP1
PRKCZ	PSEN1
PRKCZ	RELA
PRKCZ	SP1
PRKCZ	STK11
PRKD1	ARFIP1
PRKD1	BAD
PRKD1	CACNA1C
PRKD1	COL4A3BP
PRKD1	CTNNB1
PRKD1	CTTN
PRKD1	DLC1
PRKD1	EGFR
PRKD1	HDAC5
PRKD1	HDAC7
PRKD1	HSPB1
PRKD1	KIDINS220
PRKD1	MBP
PRKD1	OSBP
PRKD1	PI4KB
PRKD1	PIP4K2A
PRKD1	PLCG1
PRKD1	PPP1R14A
PRKD1	PTRH2
PRKD1	RIN1
PRKD1	SNAI1
PRKD1	SSH1
PRKD1	TLR5
PRKD2	PI4KB
PRKD2	SSH1
PRKDC	ABL1
PRKDC	AKT1
PRKDC	CASP2
PRKDC	CHEK2
PRKDC	DCLRE1C
PRKDC	H2AFX
PRKDC	HNRNPU
PRKDC	IRF3
PRKDC	LIG4
PRKDC	MAPK8
PRKDC	POU2F1
PRKDC	RPA2
PRKDC	TDP1
PRKDC	TP53
PRKDC	USF1
PRKDC	VCP
PRKDC	WRN
PRKG1	CFTR
PRKG1	FHOD1
PRKG1	GTF2I
PRKG1	HRH1
PRKG1	HSPB1
PRKG1	LASP1
PRKG1	MRVI1
PRKG1	PDE5A
PRKG1	PTS
PRKG1	RGS2
PRKG1	SLC6A4
PRKG1	SRF
PRKG1	TRPC3
PRKG1	TRPC6
PRKG2	PTS
PRKX	PKD1
PRPF4B	ELK1
PTK2	ACTN1
PTK2	BCAR1
PTK2	FYN
PTK2	GRB2
PTK2	ITGB1
PTK2	PIK3R1
PTK2	PXN
PTK2	RET
PTK2	SHC1
PTK2	SRC
PTK2B	GRB2
PTK2B	KCNA2
PTK2B	NOS3
PTK2B	PTK2
PTK2B	SHC1
PTK2B	SRC
PTK2B	TGFB1I1
PTK6	AKT1
PTK6	ARHGAP5
PTK6	BCAR1
PTK6	KHDRBS1
PTK6	PXN
PTK6	STAP2
PTK6	STAT5B
PTPN11	GRB2
PTPN11	PTK2B
PTPN11	SRC
PTPN6	SYK
RAD17	ATR
RAF1	BAD
RAF1	MAP2K1
RAF1	MAPK1
RAF1	RB1
RET	AKT1
RET	DOK1
RET	DOK4
RET	DOK5
RET	DOK6
RET	FRS2
RET	GFRA1
RET	GRB10
RET	GRB7
RET	MAPK1
RET	MAPK14
RET	MAPK3
RET	MAPK8
RET	PTK2
RET	SHC1
RET	STAT3
RHEB	BRAF
RHEB	RAF1
RIPK1	CASP8
RIPK1	DAB2IP
RIPK1	FADD
RIPK1	FAS
RIPK1	IKBKG
RIPK1	TRADD
RIPK1	TRAF2
RIPK2	BCL10
ROCK1	ADD1
ROCK1	ARHGAP24
ROCK1	ARHGAP35
ROCK1	DAPK3
ROCK1	EZR
ROCK1	FHOD1
ROCK1	LIMK1
ROCK1	LIMK2
ROCK1	MAPK8IP3
ROCK1	MYL12A
ROCK1	MYL12B
ROCK1	MYL9
ROCK1	PFN1
ROCK1	PPP1R12B
ROCK1	PTEN
ROCK1	PTK2
ROCK1	RDX
ROCK1	RLC-A
ROCK1	RND3
ROCK1	SOX9
ROCK1	VIM
ROCK2	DPYSL2
ROCK2	LIMK1
ROCK2	MSN
ROCK2	PPP1R12A
ROCK2	SH3GL2
RORC	EIF4EBP1
RPS6KA1	BAD
RPS6KA1	CCT2
RPS6KA1	CDC25A
RPS6KA1	CDC25B
RPS6KA1	CIC
RPS6KA1	CREB1
RPS6KA1	DAPK1
RPS6KA1	DEPTOR
RPS6KA1	EEF2K
RPS6KA1	EIF4B
RPS6KA1	ESR1
RPS6KA1	ETV1
RPS6KA1	FLNA
RPS6KA1	FOS
RPS6KA1	IRS1
RPS6KA1	METTL1
RPS6KA1	MITF
RPS6KA1	MXD1
RPS6KA1	NR4A1
RPS6KA1	RPS6
RPS6KA1	RPTOR
RPS6KA1	SLC9A1
RPS6KA1	SRF
RPS6KA1	STK11
RPS6KA1	TSC2
RPS6KA1	VASP
RPS6KA1	WWC1
RPS6KA1	YBX1
RPS6KA2	BAD
RPS6KA2	CREB1
RPS6KA2	NFATC4
RPS6KA3	ATF4
RPS6KA3	BAD
RPS6KA3	CIC
RPS6KA3	CREB1
RPS6KA3	DAPK1
RPS6KA3	EIF2AK2
RPS6KA3	ESR1
RPS6KA3	GSK3A
RPS6KA3	HIST1H2BB
RPS6KA3	HIST1H3A
RPS6KA3	HIST1H3B
RPS6KA3	HIST3H3
RPS6KA3	HMGN1
RPS6KA3	HMGN2
RPS6KA3	KCNK3
RPS6KA3	NFATC4
RPS6KA3	RPS6
RPS6KA3	RPTOR
RPS6KA3	TH
RPS6KA3	TSC2
RPS6KA3	WWC1
RPS6KA3	YBX1
RPS6KA4	ATF1
RPS6KA4	CREB1
RPS6KA4	FOS
RPS6KA4	RELA
RPS6KA5	ATF1
RPS6KA5	ATF2
RPS6KA5	CREB1
RPS6KA5	EIF4EBP1
RPS6KA5	ELK1
RPS6KA5	ETV1
RPS6KA5	HIST1H2AC
RPS6KA5	HIST1H2AD
RPS6KA5	HIST1H2AE
RPS6KA5	HIST1H2AG
RPS6KA5	HIST1H2AI
RPS6KA5	HIST1H2AN
RPS6KA5	HIST1H2AO
RPS6KA5	HIST1H2AP
RPS6KA5	HIST1H3A
RPS6KA5	HMGN1
RPS6KA5	PLA2G4A
RPS6KA5	RELA
RPS6KA5	STAT3
RPS6KA5	TH
RPS6KB1	CAD
RPS6KB1	DEPTOR
RPS6KB1	EEF2K
RPS6KB1	EIF4B
RPS6KB1	ESR1
RPS6KB1	IRS1
RPS6KB1	MDM2
RPS6KB1	MTOR
RPS6KB1	MXD1
RPS6KB1	PDCD4
RPS6KB1	RICTOR
RPS6KB1	RPS6
RPS6KB1	TP63
SGK1	CDKN1B
SGK1	CREB1
SGK1	FBXW7
SGK1	HTT
SGK1	KCNJ1
SGK1	MAP3K3
SGK1	MAPK1
SGK1	MAPT
SGK1	NDRG2
SGK1	WNK4
SGK2	FOXO3
SGK3	FLII
SGK3	FOXO3
SGK3	GSK3A
SGK3	GSK3B
SHC1	GRB2
SHC1	INPP5D
SIK1	CRTC2
SIK2	CDK5R1
SIK2	CEP250
SIK2	CRTC2
SIK2	IRS1
SIK3	CRTC2
SMG1	TP53
SMG1	UPF1
SOCS3	RASA1
SRC	ABL1
SRC	ADRBK1
SRC	AKT1
SRC	ANXA1
SRC	ANXA2
SRC	AP2B1
SRC	AR
SRC	ARAF
SRC	ARHGAP35
SRC	ARHGAP5
SRC	ARHGDIA
SRC	ARHGEF4
SRC	ARRB1
SRC	BCAR1
SRC	BDKRB2
SRC	BMX
SRC	CACNA1C
SRC	CASP8
SRC	CAV2
SRC	CBL
SRC	CBLC
SRC	CD33
SRC	CDC42
SRC	CDH2
SRC	CDH5
SRC	CDKN1B
SRC	CEACAM1
SRC	CEACAM2
SRC	CFL1
SRC	CHN2
SRC	CHRNA7
SRC	CLTC
SRC	CTNND1
SRC	CYP19A1
SRC	DAG1
SRC	DAPP1
SRC	DDR2
SRC	DGKA
SRC	DLG4
SRC	DNM1
SRC	EGFR
SRC	EMD
SRC	ENO1
SRC	ESR1
SRC	EZR
SRC	FBXO5
SRC	FCGR2A
SRC	FCGR2B
SRC	FCGR3
SRC	FLT4
SRC	GAB1
SRC	GIT1
SRC	GJA1
SRC	GLRB
SRC	GRB10
SRC	GRIN2A
SRC	GRK2
SRC	GSN
SRC	HCN4
SRC	HNF4A
SRC	HSP90AB1
SRC	IGF1R
SRC	IKBKB
SRC	INPPL1
SRC	ITGB3
SRC	ITGB7
SRC	JUP
SRC	KCNA3
SRC	KCNB1
SRC	KCNJ1
SRC	KDR
SRC	KIT
SRC	LRP1
SRC	MPZL1
SRC	MUC1
SRC	MYLK
SRC	NFKBIA
SRC	NOS2
SRC	NOXA1
SRC	PAK2
SRC	PDPK1
SRC	PIP5K1C
SRC	PKD1
SRC	PLCG1
SRC	PLCG2
SRC	PLSCR1
SRC	PPP2CA
SRC	PRKCD
SRC	PRKCI
SRC	PRKD1
SRC	PTEN
SRC	PTK2
SRC	PTK2B
SRC	PTPN6
SRC	PTPRA
SRC	PXN
SRC	RAC1
SRC	RACK1
SRC	RAF1
SRC	RAPGEF1
SRC	RGS16
SRC	RPS6KA3
SRC	RRAS
SRC	SDC2
SRC	SH3GL1
SRC	SH3GLB1
SRC	SHC1
SRC	SPRY2
SRC	SPTAN1
SRC	STAP2
SRC	STAT1
SRC	STAT3
SRC	STAT5A
SRC	STAT5B
SRC	SYK
SRC	TERT
SRC	TGFBR2
SRC	TIAM1
SRC	TNS3
SRC	TRIP6
SRC	TRPV1
SRC	TRPV4
SRC	TXK
SRC	UGT2B7
SRC	VAV3
SRC	VCL
SRC	VIL1
SRC	WASF1
SRC	WWOX
SRPK1	RBM8A
SRPK1	SRSF1
SRPK2	ACIN1
STK10	MSN
STK11	BRSK1
STK11	BRSK2
STK11	MARK1
STK11	MARK2
STK11	MARK3
STK11	MARK4
STK11	MELK
STK11	NUAK1
STK11	NUAK2
STK11	PAK1
STK11	PRKAA1
STK11	PTEN
STK11	SIK1
STK11	SIK2
STK11	SIK3
STK11	SNRK
STK11	STRADA
STK11	TP53
STK17A	TP53
STK24	STK38L
STK26	EZR
STK3	ABL1
STK3	LATS1
STK3	MOB1A
STK3	MOB1B
STK3	NEK2
STK3	SAV1
STK38L	NUAK1
STK4	ABL1
STK4	FOXO3
STK4	HIST1H2BB
STK4	MOB1B
STK4	TNNI3
SYK	BLNK
SYK	BTK
SYK	DUSP3
SYK	HCLS1
SYK	IKZF1
SYK	IL15RA
SYK	ITGB3
SYK	LAT2
SYK	LCK
SYK	LCP2
SYK	MAP4K1
SYK	MAPT
SYK	PIK3R1
SYK	PLCG1
SYK	PRKCA
SYK	PTK2B
SYK	SH3BP2
SYK	SHC1
SYK	SLC4A1
SYK	SNCA
SYK	TUBA1A
SYK	TUBA4A
SYK	VAV1
TAF1	GTF2A1
TAF1	TP53
TAOK2	ELK1
TBK1	AKT1
TBK1	AZI2
TBK1	IKBKB
TBK1	IRF3
TBK1	IRF5
TBK1	IRF7
TBK1	NFKB1
TBK1	NFKBIA
TBK1	OPTN
TBK1	RELA
TBK1	SQSTM1
TEC	BMX
TEC	BTK
TEK	GRB7
TEK	SHC1
TEK	TNIP2
TESK1	CFL1
TESK2	CFL1
TESK2	DSTN
TGFBR1	EEF1A1
TGFBR1	ENG
TGFBR1	PARD6A
TGFBR1	PIK3R1
TGFBR1	PIK3R2
TGFBR1	RHOA
TGFBR1	SMAD1
TGFBR1	SMAD2
TGFBR1	SMAD3
TGFBR1	TGFBR2
TGFBR1	TGFBR3
TGFBR1	ZFYVE9
TGFBR2	EIF3I
TGFBR2	ENG
TGFBR2	PIK3R1
TGFBR2	PIK3R2
TGFBR2	SMAD3
TGFBR2	TGFB3
TGFBR2	TGFBR1
TGFBR2	ZFYVE9
TGM2	HIST1H3A
TGM2	HIST1H3B
TLK1	RAD9A
TNIK	TCF7L2
TNK2	AR
TNK2	MCF2
TNK2	SNX9
TP53RK	TP53
TRIM24	AR
TRIM33	SMAD4
TRPM7	ANXA1
TRPM7	EEF2K
TRPM7	TRPM6
TRRAP	MYC
TSSK4	CREB1
TTBK1	MAPT
TTK	ABL1
TTK	CDCA8
TTK	CHEK2
TTK	HSPA9
TTK	TACC2
TTK	TP53
TXK	CTLA4
TXK	LCP2
TYK2	IFNAR1
TYK2	STAT1
TYK2	STAT2
TYK2	STAT5B
TYRO3	PIK3R1
UHMK1	CDKN1B
UHMK1	FAM64A
UHMK1	MBP
UHMK1	PIMREG
UHMK1	SF1
UHMK1	STMN1
ULK1	GABARAP
VAV1	GRB2
VAV1	SYK
VRK1	ATF2
VRK1	BANF1
VRK1	HIST1H3A
VRK1	HIST1H3B
VRK1	JUN
VRK1	TP53
VRK2	BANF1
WEE1	CDK1
WEE1	CDK2
WNK1	OXSR1
WNK1	SLC12A6
WNK1	STK39
YES1	CBL
YES1	CDK4
YES1	TRPV4
ZAK	MAP2K7
ZAP70	DBNL
ZAP70	DUSP3
ZAP70	GAB2
ZAP70	LAT
ZAP70	LCP2
ZAP70	MAPK14
ZAP70	MUC1
ZAP70	SH2B3
ZAP70	SHC1
