1	44076
2	A2M
3	A9UF07
4	AATF
5	ABCA1
6	ABCA2
7	ABCA3
8	ABCB1
9	ABCB4
10	ABCC1
11	ABCC3
12	ABCC4
13	ABCC6
14	ABCG1
15	ABCG2
16	ABCG5
17	ABCG8
18	ABI1
19	ABL1
20	ABL2
21	ABRAXAS1
22	ACACA
23	ACACB
24	ACE
25	ACHE
26	ACIN1
27	ACKR3
28	ACLY
29	ACO1
30	ACOT7
31	ACP5
32	ACSL1
33	ACTA1
34	ACTA2
35	ACTB
36	ACTC1
37	ACTN1
38	ACTR3
39	ACTR5
40	ACVR1
41	ACVR1B
42	ACVR1C
43	ACVR2A
44	ACVR2B
45	ADA
46	ADAM10
47	ADAM15
48	ADAM17
49	ADCY3
50	ADCY5
51	ADCY7
52	ADD1
53	ADD2
54	ADH1A
55	ADH1B
56	ADIPOQ
57	ADM
58	ADORA1
59	ADRA2B
60	ADRB2
61	ADRBK1
62	ADRBK2
63	AFP
64	AGAP2
65	AGER
66	AGFG2
67	AGGF1
68	AGO2
69	AGRP
70	AGT
71	AGTR1
72	AHCYL1
73	AHR
74	AIFM2
75	AIM2
76	AIMP1
77	AIMP2
78	AJUBA
79	AKR1C3
80	AKR1C4
81	AKT1
82	AKT1S1
83	AKT2
84	AKT3
85	ALAS2
86	ALB
87	ALDH1A2
88	ALDH1A3
89	ALDH9A1
90	ALDOA
91	ALDOB
92	ALK
93	ALOX12
94	ALOX15
95	ALOX5
96	ALPL
97	ALYREF
98	AMH
99	AMHR2
100	AMOTL1
101	AMPH
102	ANAPC1
103	ANGPT2
104	ANGPTL4
105	ANKRD1
106	ANKRD46
107	ANP32B
108	ANPEP
109	ANXA1
110	ANXA2
111	ANXA5
112	AP2B1
113	APAF1
114	APBB1
115	APC
116	APCS
117	APEX1
118	APH1A
119	APLP2
120	APOA1
121	APOA2
122	APOA4
123	APOA5
124	APOB
125	APOBEC3G
126	APOBR
127	APOC3
128	APOE
129	APOH
130	APP
131	APTX
132	AQP1
133	AQP2
134	AQP9
135	AR
136	ARAF
137	ARFIP1
138	ARHGAP24
139	ARHGAP32
140	ARHGAP33
141	ARHGAP35
142	ARHGAP5
143	ARHGDIA
144	ARHGDIB
145	ARHGEF1
146	ARHGEF2
147	ARHGEF4
148	ARHGEF7
149	ARID4A
150	ARL2
151	ARNT
152	ARNTL
153	ARNTL2
154	ARPC1B
155	ARPC5
156	ARRB1
157	ARRB2
158	ARRDC4
159	ASCL1
160	ASF1A
161	ASF1B
162	ASNS
163	ASS1
164	ATF1
165	ATF2
166	ATF3
167	ATF4
168	ATF6
169	ATG10
170	ATG4C
171	ATM
172	ATN1
173	ATP13A1
174	ATP1B1
175	ATP2A2
176	ATP2B1
177	ATP5A1
178	ATR
179	ATRIP
180	ATXN1
181	ATXN10
182	AURKA
183	AURKB
184	AURKC
185	AVEN
186	AXIN1
187	AXIN2
188	AXL
189	AZI2
190	B2M
191	B4GALNT1
192	B4GALT1
193	BACE2
194	BACH1
195	BAD
196	BAG2
197	BAG3
198	BAIAP2
199	BAK1
200	BAMBI
201	BANF1
202	BAX
203	BAZ1B
204	BBC3
205	BCAR1
206	BCL10
207	BCL2
208	BCL2A1
209	BCL2L1
210	BCL2L11
211	BCL2L12
212	BCL2L14
213	BCL3
214	BCL6
215	BCR
216	BDKRB2
217	BDNF
218	BEST1
219	BGLAP
220	BHLHE40
221	BHLHE41
222	BICD2
223	BID
224	BIK
225	BIN1
226	BIRC2
227	BIRC3
228	BIRC5
229	BIRC7
230	BLK
231	BLM
232	BLMH
233	BLNK
234	BLVRA
235	BMF
236	BMI1
237	BMP4
238	BMPR1A
239	BMPR1B
240	BMPR2
241	BMX
242	BNIP3
243	BNIP3L
244	BORA
245	BRAF
246	BRCA1
247	BRCA2
248	BRD4
249	BRD7
250	BRD8
251	BRSK1
252	BRSK2
253	BSG
254	BTG2
255	BTK
256	BTRC
257	BUB1
258	BUB1B
259	C1QTNF5
260	C1R
261	C4BPB
262	C5AR1
263	CA9
264	CACNA1C
265	CACNB2
266	CAD
267	CALB1
268	CALD1
269	CALR
270	CAMK1
271	CAMK2A
272	CAMK2B
273	CAMK2D
274	CAMK2G
275	CAMK4
276	CAMKK1
277	CAMKK2
278	CAPN2
279	CAPNS1
280	CAPZA1
281	CARD11
282	CARD9
283	CARTPT
284	CASC5
285	CASP1
286	CASP2
287	CASP3
288	CASP7
289	CASP8
290	CASP9
291	CASR
292	CAT
293	CAV1
294	CAV2
295	CBL
296	CBLB
297	CBLC
298	CBX1
299	CBX3
300	CBX4
301	CCDC43
302	CCDC6
303	CCL11
304	CCL16
305	CCL17
306	CCL19
307	CCL2
308	CCL20
309	CCL21
310	CCL3
311	CCL5
312	CCM2
313	CCNA1
314	CCNA2
315	CCNB1
316	CCNB2
317	CCND1
318	CCND2
319	CCND3
320	CCNE1
321	CCNG2
322	CCNH
323	CCNL2
324	CCR1
325	CCR2
326	CCR4
327	CCR5
328	CCR7
329	CCRL2
330	CCT2
331	CCT5
332	CD14
333	CD151
334	CD19
335	CD1D
336	CD2
337	CD22
338	CD24
339	CD247
340	CD28
341	CD2AP
342	CD33
343	CD34
344	CD36
345	CD3D
346	CD4
347	CD40
348	CD40LG
349	CD44
350	CD5
351	CD58
352	CD68
353	CD79A
354	CD79B
355	CD80
356	CD82
357	CD83
358	CD86
359	CD8A
360	CD97
361	CD99
362	CDAN1
363	CDC16
364	CDC20
365	CDC23
366	CDC25A
367	CDC25B
368	CDC25C
369	CDC27
370	CDC34
371	CDC42
372	CDC42BPA
373	CDC45
374	CDC6
375	CDC7
376	CDCA4
377	CDCA7
378	CDCA8
379	CDH1
380	CDH17
381	CDH2
382	CDH5
383	CDK1
384	CDK11A
385	CDK11B
386	CDK12
387	CDK16
388	CDK19
389	CDK2
390	CDK20
391	CDK3
392	CDK4
393	CDK5
394	CDK5R1
395	CDK5RAP2
396	CDK6
397	CDK7
398	CDK8
399	CDK9
400	CDKN1A
401	CDKN1B
402	CDKN1C
403	CDKN2A
404	CDKN2B
405	CDKN2C
406	CDKN2D
407	CDT1
408	CDX1
409	CDX2
410	CEACAM1
411	CEACAM2
412	CEACAM5
413	CEBPA
414	CEBPB
415	CEBPD
416	CEBPE
417	CEBPG
418	CENPA
419	CENPJ
420	CENPU
421	CEP135
422	CEP250
423	CEP55
424	CERS2
425	CETN2
426	CETP
427	CFB
428	CFL1
429	CFL2
430	CFLAR
431	CFTR
432	CGA
433	CHAC1
434	CHAT
435	CHEK1
436	CHEK2
437	CHGA
438	CHI3L1
439	CHMP4C
440	CHN2
441	CHRM2
442	CHRNA6
443	CHRNA7
444	CHRNE
445	CHUK
446	CIAO1
447	CIC
448	CIDEB
449	CIITA
450	CISH
451	CITED2
452	CKAP2
453	CKM
454	CKS2
455	CLCN7
456	CLDN2
457	CLEC4G
458	CLIC2
459	CLIP1
460	CLK1
461	CLK2
462	CLK4
463	CLOCK
464	CLSPN
465	CLTC
466	CLU
467	CNOT8
468	CNR1
469	CNTNAP2
470	CNTROB
471	COIL
472	COL11A2
473	COL1A1
474	COL1A2
475	COL27A1
476	COL2A1
477	COL3A1
478	COL4A3BP
479	COL5A2
480	COL6A1
481	COL6A3
482	COL7A1
483	COMMD2
484	COPS6
485	COQ5
486	COQ9
487	CORO1B
488	CPSF2
489	CPT1A
490	CPT1B
491	CR2
492	CRABP2
493	CREB1
494	CREBBP
495	CREM
496	CRH
497	CRHBP
498	CRHR1
499	CRK
500	CRMP1
501	CROCC
502	CRP
503	CRTC2
504	CRY1
505	CRY2
506	CSDE1
507	CSF1
508	CSF2
509	CSF2RB
510	CSF2RB2
511	CSF3R
512	CSK
513	CSNK1A1
514	CSNK1A1L
515	CSNK1D
516	CSNK1E
517	CSNK1G1
518	CSNK1G2
519	CSNK2A1
520	CSNK2A2
521	CSNK2B
522	CSRP1
523	CTBP1
524	CTCF
525	CTDP1
526	CTGF
527	CTLA4
528	CTNNA1
529	CTNNB1
530	CTNNBIP1
531	CTNND1
532	CTNND2
533	CTPS2
534	CTSB
535	CTSD
536	CTSE
537	CTSG
538	CTSH
539	CTSK
540	CTSL
541	CTSS
542	CTTN
543	CUX1
544	CXCL1
545	CXCL10
546	CXCL5
547	CXCL8
548	CXCR1
549	CXCR3
550	CXCR4
551	CXCR5
552	CYBB
553	CYP11A1
554	CYP11B1
555	CYP11B2
556	CYP17A1
557	CYP19A1
558	CYP1A1
559	CYP1B1
560	CYP24A1
561	CYP27A1
562	CYP2B6
563	CYP2C19
564	CYP2C8
565	CYP2C9
566	CYP2D6
567	CYP3A4
568	CYP7A1
569	CYP8B1
570	CYR61
571	CYTH2
572	DAAM1
573	DAB1
574	DAB2
575	DAB2IP
576	DACH1
577	DAG1
578	DAP
579	DAP3
580	DAPK1
581	DAPK2
582	DAPK3
583	DAPP1
584	DAXX
585	DBF4
586	DBI
587	DBNL
588	DBP
589	DCC
590	DCLRE1C
591	DCT
592	DCTN1
593	DCX
594	DDB1
595	DDB2
596	DDIT3
597	DDIT4
598	DDR1
599	DDR2
600	DDT
601	DDX18
602	DDX3X
603	DDX5
604	DDX50
605	DDX58
606	DEF6
607	DEPDC5
608	DEPTOR
609	DES
610	DGKA
611	DHFR
612	DHX15
613	DIAPH1
614	DIAPH2
615	DIP2B
616	DIRAS3
617	DKK1
618	DLC1
619	DLEU1
620	DLG1
621	DLG4
622	DLGAP5
623	DLX3
624	DMKN
625	DMPK
626	DNAJA3
627	DNAJB1
628	DNAJB4
629	DNAJC3
630	DNASE2
631	DNM1
632	DNM1L
633	DNMT1
634	DNMT3B
635	DOCK7
636	DOK1
637	DOK4
638	DOK5
639	DOK6
640	DPY30
641	DPYSL2
642	DPYSL3
643	DRAM1
644	DSN1
645	DSP
646	DST
647	DSTN
648	DTL
649	DUOX1
650	DUSP1
651	DUSP16
652	DUSP3
653	DUSP4
654	DUSP6
655	DVL1
656	DVL2
657	DVL3
658	DYNLL1
659	DYNLRB1
660	DYRK1A
661	DYRK1B
662	DYRK2
663	DYRK3
664	E2F1
665	E2F2
666	E2F3
667	E2F4
668	E2F6
669	E2F7
670	E2F8
671	E4F1
672	EAPP
673	EARS2
674	EBI3
675	EBP
676	ECE1
677	ECM1
678	ECT2
679	EDEM2
680	EDF1
681	EDN1
682	EDNRB
683	EEA1
684	EEF1A1
685	EEF1D
686	EEF2
687	EEF2K
688	EFCAB2
689	EFEMP1
690	EFNB2
691	EGFR
692	EGLN2
693	EGR1
694	EGR2
695	EGR3
696	EHF
697	EIF2AK2
698	EIF2AK3
699	EIF2B5
700	EIF2S1
701	EIF2S2
702	EIF3C
703	EIF3F
704	EIF3I
705	EIF4B
706	EIF4E
707	EIF4EBP1
708	EIF4ENIF1
709	EIF4G1
710	EIF5
711	ELANE
712	ELAVL1
713	ELF2
714	ELF3
715	ELF4
716	ELK1
717	ELK3
718	ELK4
719	ELMO1
720	ELP3
721	EMD
722	EMX2
723	EN1
724	ENG
725	ENO1
726	ENOX2
727	EP300
728	EPAS1
729	EPHA2
730	EPHA3
731	EPHA4
732	EPHB1
733	EPHB2
734	EPN1
735	EPO
736	EPOR
737	EPRS
738	EPS15
739	ERBB2
740	ERBB3
741	ERBB4
742	ERCC1
743	ERCC4
744	ERCC6
745	ERCC6L
746	ERF
747	ERG
748	ESPL1
749	ESR1
750	ESR2
751	ESRP2
752	ESRRA
753	ETF1
754	ETS1
755	ETS2
756	ETV1
757	ETV3
758	ETV4
759	ETV5
760	ETV6
761	ETV7
762	EVI5
763	EWSR1
764	EXOC7
765	EXOSC8
766	EXOSC9
767	EYA3
768	EZH2
769	EZR
770	F10
771	F11R
772	F12
773	F2
774	F3
775	F9
776	FABP2
777	FABP3
778	FABP4
779	FABP6
780	FADD
781	FADS2
782	FAF1
783	FAM64A
784	FANCA
785	FANCD2
786	FANCE
787	FANCG
788	FAS
789	FASLG
790	FASN
791	FBP1
792	FBXO31
793	FBXO4
794	FBXO43
795	FBXO5
796	FBXO7
797	FBXW7
798	FCER1A
799	FCER2
800	FCGR1A
801	FCGR2A
802	FCGR2B
803	FCGR2C
804	FCGR3
805	FCGR3A
806	FCGRT
807	FDFT1
808	FDPS
809	FEN1
810	FER
811	FES
812	FGF13
813	FGF18
814	FGF2
815	FGF21
816	FGF8
817	FGFBP1
818	FGFR1
819	FGFR1OP
820	FGFR3
821	FGFR4
822	FGL1
823	FGR
824	FHIT
825	FHOD1
826	FIGF
827	FKBP5
828	FLI1
829	FLII
830	FLNA
831	FLT1
832	FLT4
833	FMR1
834	FN1
835	FOS
836	FOSB
837	FOSL1
838	FOSL2
839	FOXA1
840	FOXA2
841	FOXC1
842	FOXD1
843	FOXD3
844	FOXE1
845	FOXG1
846	FOXK2
847	FOXL2
848	FOXM1
849	FOXO1
850	FOXO3
851	FOXO4
852	FOXP1
853	FOXP2
854	FOXP3
855	FPR1
856	FRAT1
857	FRS2
858	FRS3
859	FSCN1
860	FSHB
861	FST
862	FURIN
863	FXR2
864	FXYD1
865	FYB
866	FYB1
867	FYN
868	G6PC
869	G6PD
870	G6PDX
871	GAB1
872	GAB2
873	GABARAP
874	GADD45A
875	GALNT6
876	GALT
877	GAPDH
878	GAS7
879	GAST
880	GATA1
881	GATA2
882	GATA3
883	GATA4
884	GATA5
885	GATA6
886	GBF1
887	GCK
888	GCLC
889	GDF15
890	GFAP
891	GFER
892	GFI1
893	GFI1B
894	GFPT1
895	GFRA1
896	GH1
897	GHR
898	GIT1
899	GJA1
900	GJA5
901	GJB1
902	GK
903	GLCE
904	GLI1
905	GLI2
906	GLRA1
907	GLRB
908	GLS2
909	GML
910	GMNN
911	GNAZ
912	GNL3
913	GOLGA2
914	GORASP2
915	GP6
916	GP9
917	GPA33
918	GPI
919	GPNMB
920	GPR143
921	GPR146
922	GPR156
923	GPSM2
924	GPX1
925	GRB10
926	GRB2
927	GRB7
928	GREB1
929	GRHL2
930	GRIA1
931	GRIA4
932	GRIK2
933	GRIN1
934	GRIN2A
935	GRIN2B
936	GRIN3A
937	GRK2
938	GRK3
939	GRK4
940	GRK5
941	GRK6
942	GRPR
943	GSK3A
944	GSK3B
945	GSN
946	GSTA1
947	GSTK1
948	GSTM1
949	GSTP1
950	GSTP2
951	GTF2A1
952	GTF2H2
953	GTF2I
954	GTSE1
955	GULP1
956	GYS1
957	H2AFX
958	H2AFZ
959	H3F3A
960	H3F3B
961	HABP4
962	HAMP
963	HBEGF
964	HBG1
965	HBP1
966	HCFC1
967	HCK
968	HCLS1
969	HCN2
970	HCN4
971	HDAC1
972	HDAC2
973	HDAC3
974	HDAC4
975	HDAC5
976	HDAC6
977	HDAC7
978	HDAC8
979	HEBP2
980	HELLS
981	HEMGN
982	HERC5
983	HES1
984	HEY1
985	HEY2
986	HGF
987	HGS
988	HHEX
989	HIC1
990	HIF1A
991	HIPK2
992	HIRA
993	HIST1H1B
994	HIST1H2AC
995	HIST1H2AD
996	HIST1H2AE
997	HIST1H2AG
998	HIST1H2AI
999	HIST1H2AN
1000	HIST1H2AO
1001	HIST1H2AP
1002	HIST1H2BB
1003	HIST1H3A
1004	HIST1H3B
1005	HIST1H4A
1006	HIST3H3
1007	HLA-A
1008	HLA-F
1009	HLF
1010	HLTF
1011	HMCN1
1012	HMGA1
1013	HMGA2
1014	HMGB1
1015	HMGCR
1016	HMGCS1
1017	HMGN1
1018	HMGN2
1019	HMOX1
1020	HNF1A
1021	HNF4A
1022	HNF4G
1023	HNRNPA0
1024	HNRNPA1
1025	HNRNPA2B1
1026	HNRNPC
1027	HNRNPD
1028	HNRNPK
1029	HNRNPL
1030	HNRNPU
1031	HOXA10
1032	HOXA11
1033	HOXA4
1034	HOXA5
1035	HOXB13
1036	HOXB4
1037	HOXB7
1038	HOXB9
1039	HP
1040	HPR
1041	HRAS
1042	HRH1
1043	HRK
1044	HS1BP3
1045	HSD11B2
1046	HSD17B1
1047	HSD17B11
1048	HSD17B2
1049	HSD3B1
1050	HSD3B2
1051	HSF1
1052	HSF2
1053	HSP90AA1
1054	HSP90AA2P
1055	HSP90AB1
1056	HSP90B1
1057	HSPA1A
1058	HSPA4
1059	HSPA5
1060	HSPA8
1061	HSPA9
1062	HSPB1
1063	HSPB6
1064	HSPB8
1065	HSPD1
1066	HSPE1
1067	HSPH1
1068	HTR5A
1069	HTRA2
1070	HTT
1071	HYAL1
1072	IBSP
1073	IBTK
1074	ICAM1
1075	ICAM3
1076	ICAM4
1077	ICK
1078	ID1
1079	ID2
1080	ID3
1081	IER3
1082	IFI16
1083	IFI203
1084	IFI204
1085	IFI205A
1086	IFI35
1087	IFIT3
1088	IFNA1
1089	IFNA2
1090	IFNAR1
1091	IFNB1
1092	IFNG
1093	IFNGR1
1094	IFNGR2
1095	IGF1
1096	IGF1R
1097	IGF2
1098	IGF2R
1099	IGFBP1
1100	IGFBP3
1101	IGFBP5
1102	IGFBP6
1103	IHH
1104	IKBKB
1105	IKBKE
1106	IKBKG
1107	IKZF1
1108	IL10
1109	IL12A
1110	IL12B
1111	IL12RB2
1112	IL15RA
1113	IL16
1114	IL17C
1115	IL18
1116	IL19
1117	IL1A
1118	IL1B
1119	IL1RN
1120	IL2
1121	IL21
1122	IL23A
1123	IL27
1124	IL2RA
1125	IL2RB
1126	IL3
1127	IL4
1128	IL4R
1129	IL5
1130	IL5RA
1131	IL6
1132	IL6ST
1133	ILF3
1134	ILK
1135	INCENP
1136	INO80
1137	INPP5D
1138	INPPL1
1139	INS
1140	INSIG1
1141	INSR
1142	INTS7
1143	IQGAP1
1144	IRAK1
1145	IRAK2
1146	IRAK3
1147	IRAK4
1148	IREB2
1149	IRF1
1150	IRF2
1151	IRF3
1152	IRF4
1153	IRF5
1154	IRF7
1155	IRF8
1156	IRF9
1157	IRS1
1158	IRS2
1159	IRS4
1160	ISCU
1161	ISL1
1162	ISYNA1
1163	ITGA11
1164	ITGA4
1165	ITGA5
1166	ITGA6
1167	ITGAD
1168	ITGAM
1169	ITGAV
1170	ITGAX
1171	ITGB1
1172	ITGB2
1173	ITGB3
1174	ITGB3BP
1175	ITGB4
1176	ITGB5
1177	ITGB7
1178	ITK
1179	ITPKA
1180	ITPR1
1181	IVL
1182	JAG1
1183	JAK1
1184	JAK2
1185	JAK3
1186	JDP2
1187	JUN
1188	JUNB
1189	JUND
1190	JUP
1191	KARS
1192	KAT5
1193	KAT7
1194	KATNAL1
1195	KCNA2
1196	KCNA3
1197	KCNB1
1198	KCNC4
1199	KCND2
1200	KCNH2
1201	KCNJ1
1202	KCNJ11
1203	KCNJ13
1204	KCNJ3
1205	KCNK3
1206	KCNK9
1207	KCNMA1
1208	KCNN2
1209	KCNN4
1210	KCNQ2
1211	KDELR1
1212	KDR
1213	KHDRBS1
1214	KHSRP
1215	KIAA0101
1216	KIAA1217
1217	KIAA1524
1218	KIDINS220
1219	KIF11
1220	KIF22
1221	KIF23
1222	KIF2A
1223	KIF2B
1224	KIF2C
1225	KIR3DL1
1226	KIT
1227	KLC2
1228	KLF1
1229	KLF10
1230	KLF11
1231	KLF12
1232	KLF15
1233	KLF2
1234	KLF4
1235	KLF5
1236	KLF6
1237	KLK2
1238	KLK3
1239	KLK4
1240	KMT2A
1241	KMT5A
1242	KNL1
1243	KPNA2
1244	KRT14
1245	KRT16
1246	KRT17
1247	KRT18
1248	KRT19
1249	KRT5
1250	KRT7
1251	KRT8
1252	KSR1
1253	L1CAM
1254	L1TD1
1255	LAMA3
1256	LAMB1
1257	LAMP1
1258	LAP3
1259	LASP1
1260	LAT
1261	LAT2
1262	LATS1
1263	LATS2
1264	LBP
1265	LBR
1266	LCAT
1267	LCK
1268	LCP1
1269	LCP2
1270	LCT
1271	LDHA
1272	LDLR
1273	LECT1
1274	LEF1
1275	LEFTY1
1276	LEP
1277	LGALS3
1278	LHB
1279	LHCGR
1280	LHX3
1281	LHX4
1282	LIFR
1283	LIG1
1284	LIG3
1285	LIG4
1286	LIME1
1287	LIMK1
1288	LIMK2
1289	LIN28A
1290	LIPE
1291	LITAF
1292	LMNA
1293	LMO2
1294	LMTK2
1295	LONP1
1296	LOR
1297	LPIN3
1298	LPL
1299	LRP1
1300	LRP5
1301	LRP6
1302	LRRC59
1303	LRRFIP1
1304	LRRK2
1305	LSP1
1306	LTA4H
1307	LTBP1
1308	LTC4S
1309	LTK
1310	LUC7L
1311	LUM
1312	LY96
1313	LYL1
1314	LYN
1315	MACROD1
1316	MAD1L1
1317	MAD2L1
1318	MAF
1319	MAF1
1320	MAFA
1321	MAGEA11
1322	MAN1A1
1323	MAP1LC3A
1324	MAP1LC3B
1325	MAP2
1326	MAP2K1
1327	MAP2K2
1328	MAP2K3
1329	MAP2K4
1330	MAP2K5
1331	MAP2K6
1332	MAP2K7
1333	MAP3K1
1334	MAP3K10
1335	MAP3K11
1336	MAP3K12
1337	MAP3K13
1338	MAP3K14
1339	MAP3K2
1340	MAP3K20
1341	MAP3K3
1342	MAP3K4
1343	MAP3K5
1344	MAP3K7
1345	MAP3K8
1346	MAP4
1347	MAP4K1
1348	MAP4K2
1349	MAP4K3
1350	MAP4K4
1351	MAP4K5
1352	MAP9
1353	MAPK1
1354	MAPK10
1355	MAPK11
1356	MAPK12
1357	MAPK13
1358	MAPK14
1359	MAPK15
1360	MAPK3
1361	MAPK6
1362	MAPK7
1363	MAPK8
1364	MAPK8IP1
1365	MAPK8IP3
1366	MAPK9
1367	MAPKAPK2
1368	MAPKAPK3
1369	MAPKAPK5
1370	MAPRE3
1371	MAPT
1372	MARCKS
1373	MARK1
1374	MARK2
1375	MARK3
1376	MARK4
1377	MAST1
1378	MAST2
1379	MAT2A
1380	MAT2B
1381	MATK
1382	MATN1
1383	MAX
1384	MAZ
1385	MB
1386	MBD3
1387	MBP
1388	MC2R
1389	MC4R
1390	MCF2
1391	MCL1
1392	MCM10
1393	MCM2
1394	MCM3
1395	MCM4
1396	MCM5
1397	MCM6
1398	MCM7
1399	MCM8
1400	MCOLN1
1401	MCPH1
1402	MDC1
1403	MDM2
1404	MDM4
1405	MED1
1406	MED16
1407	MED28
1408	MEF2A
1409	MEF2C
1410	MEF2D
1411	MEFV
1412	MELK
1413	MEOX2
1414	MEP1A
1415	MET
1416	METTL1
1417	MFN2
1418	MGAT5
1419	MGMT
1420	MGST1
1421	MIA
1422	MIF
1423	MITF
1424	MKL1
1425	MKLN1
1426	MKNK1
1427	MKNK2
1428	MLANA
1429	MME
1430	MMP1
1431	MMP10
1432	MMP11
1433	MMP13
1434	MMP14
1435	MMP2
1436	MMP3
1437	MMP7
1438	MMP9
1439	MNDA
1440	MNDAL
1441	MNT
1442	MOB1A
1443	MOB1B
1444	MPL
1445	MPLKIP
1446	MPO
1447	MPZL1
1448	MRE11
1449	MRE11A
1450	MRPL17
1451	MRPL46
1452	MRPS10
1453	MRPS18B
1454	MRPS24
1455	MRVI1
1456	MS4A2
1457	MSC
1458	MSH2
1459	MSH6
1460	MSN
1461	MSR1
1462	MST1
1463	MST1R
1464	MT1G
1465	MTHFD1
1466	MTHFR
1467	MTMR9
1468	MTOR
1469	MTTP
1470	MUC1
1471	MUC2
1472	MUC4
1473	MUC5AC
1474	MVP
1475	MXD1
1476	MXI1
1477	MYB
1478	MYBL2
1479	MYBPC3
1480	MYC
1481	MYCBP
1482	MYCN
1483	MYD88
1484	MYH10
1485	MYH9
1486	MYL12A
1487	MYL12B
1488	MYL9
1489	MYLK
1490	MYO6
1491	MYOCD
1492	MYOD1
1493	MYOM2
1494	MYT1
1495	MZF1
1496	NAA35
1497	NAB2
1498	NABP2
1499	NACA
1500	NANOG
1501	NAP1L1
1502	NARS
1503	NAT1
1504	NBN
1505	NCAM1
1506	NCBP3
1507	NCF1
1508	NCF2
1509	NCF4
1510	NCK1
1511	NCK2
1512	NCL
1513	NCOA1
1514	NCOA2
1515	NCOA3
1516	NCOR1
1517	NCOR2
1518	NDC80
1519	NDE1
1520	NDEL1
1521	NDRG1
1522	NDRG2
1523	NEDD4L
1524	NEDD9
1525	NEFH
1526	NEFL
1527	NEK11
1528	NEK2
1529	NES
1530	NF1
1531	NF2
1532	NFAT5
1533	NFATC1
1534	NFATC2
1535	NFATC3
1536	NFATC4
1537	NFE2L1
1538	NFE2L2
1539	NFIA
1540	NFIC
1541	NFIL3
1542	NFKB1
1543	NFKB2
1544	NFKBIA
1545	NFKBIB
1546	NFYA
1547	NFYB
1548	NGEF
1549	NGF
1550	NINL
1551	NKX2-1
1552	NKX2-5
1553	NKX3-1
1554	NKX3-2
1555	NLK
1556	NLRC4
1557	NME1
1558	NME2
1559	NME3
1560	NMI
1561	NNMT
1562	NOD2
1563	NOL7
1564	NOLC1
1565	NOP56
1566	NOS1
1567	NOS2
1568	NOS3
1569	NOTCH1
1570	NOTCH2
1571	NOX4
1572	NOX5
1573	NOXA1
1574	NOXO1
1575	NPAT
1576	NPC1
1577	NPC1L1
1578	NPHP1
1579	NPHS1
1580	NPM1
1581	NPPA
1582	NQO1
1583	NR0B1
1584	NR0B2
1585	NR1D1
1586	NR1H2
1587	NR1H3
1588	NR1H4
1589	NR1I2
1590	NR1I3
1591	NR2F1
1592	NR2F2
1593	NR2F6
1594	NR3C1
1595	NR3C2
1596	NR4A1
1597	NR4A2
1598	NR5A1
1599	NR5A2
1600	NRCAM
1601	NRF1
1602	NRXN1
1603	NSFL1C
1604	NSUN2
1605	NT5E
1606	NTRK1
1607	NTRK2
1608	NTRK3
1609	NUAK1
1610	NUAK2
1611	NUDC
1612	NUMA1
1613	NUP155
1614	NUP188
1615	NUP50
1616	NUP98
1617	NUPR1
1618	NUSAP1
1619	OCA2
1620	OCLN
1621	ODC1
1622	OGG1
1623	OPRD1
1624	OPRM1
1625	OPTN
1626	ORAI1
1627	ORC1
1628	ORC2
1629	OSBP
1630	OSM
1631	OXSR1
1632	OXT
1633	P4HA1
1634	P4HA2
1635	PA2G4
1636	PADI1
1637	PAGE4
1638	PAK1
1639	PAK2
1640	PAK3
1641	PAK4
1642	PAK6
1643	PANK1
1644	PARD3
1645	PARD6A
1646	PARG
1647	PARK2
1648	PARN
1649	PARP1
1650	PAX2
1651	PAX3
1652	PAX4
1653	PAX5
1654	PAX6
1655	PAX8
1656	PBK
1657	PBX1
1658	PCK1
1659	PCK2
1660	PCNA
1661	PCSK1
1662	PCSK2
1663	PCSK6
1664	PCSK9
1665	PCYT2
1666	PDCD4
1667	PDCD5
1668	PDCL
1669	PDE3A
1670	PDE3B
1671	PDE4C
1672	PDE4D
1673	PDE5A
1674	PDE6G
1675	PDGFA
1676	PDGFB
1677	PDGFC
1678	PDGFRA
1679	PDGFRB
1680	PDHA1
1681	PDHA2
1682	PDHX
1683	PDK1
1684	PDK2
1685	PDK3
1686	PDK4
1687	PDPK1
1688	PDX1
1689	PEA15
1690	PEBP1
1691	PEG3
1692	PELI1
1693	PELI2
1694	PELI3
1695	PELP1
1696	PENK
1697	PER1
1698	PER2
1699	PER3
1700	PERP
1701	PF4
1702	PFKFB2
1703	PFKFB3
1704	PFKL
1705	PFKP
1706	PFN1
1707	PGAM1
1708	PGC
1709	PGF
1710	PGK1
1711	PGM1
1712	PGR
1713	PHB
1714	PHF20
1715	PHGDH
1716	PHLPP1
1717	PHOX2A
1718	PI4KB
1719	PIAS1
1720	PIAS3
1721	PIGR
1722	PIK3C2A
1723	PIK3C2B
1724	PIK3C3
1725	PIK3CA
1726	PIK3R1
1727	PIK3R2
1728	PIK3R3
1729	PIK3R4
1730	PIKFYVE
1731	PIM1
1732	PIM2
1733	PIM3
1734	PIMREG
1735	PIN1
1736	PINK1
1737	PINX1
1738	PIP4K2A
1739	PIP4K2B
1740	PIP5K1C
1741	PITPNM1
1742	PITX1
1743	PITX2
1744	PKD1
1745	PKD2
1746	PKIA
1747	PKLR
1748	PKM
1749	PKMYT1
1750	PKN1
1751	PKN2
1752	PKNOX1
1753	PKP3
1754	PLA2G4A
1755	PLAC1
1756	PLAG1
1757	PLAGL1
1758	PLAT
1759	PLAU
1760	PLAUR
1761	PLCB1
1762	PLCB3
1763	PLCG1
1764	PLCG2
1765	PLD1
1766	PLD2
1767	PLEC
1768	PLEK
1769	PLEKHG6
1770	PLIN2
1771	PLK1
1772	PLK2
1773	PLK3
1774	PLK4
1775	PLN
1776	PLSCR1
1777	PLSCR2
1778	PLSCR3
1779	PLXNB3
1780	PMAIP1
1781	PMEL
1782	PMEPA1
1783	PML
1784	PMPCB
1785	PNKP
1786	PNPLA8
1787	PNRC2
1788	PODXL
1789	POLA1
1790	POLD1
1791	POLD3
1792	POLE2
1793	POLE3
1794	POLH
1795	POLR2A
1796	POMGNT1
1797	POMT2
1798	PON1
1799	PON2
1800	POU1F1
1801	POU2F1
1802	POU4F2
1803	POU5F1
1804	PPARA
1805	PPARD
1806	PPARG
1807	PPARGC1A
1808	PPAT
1809	PPID
1810	PPIF
1811	PPL
1812	PPP1CA
1813	PPP1CC
1814	PPP1R12A
1815	PPP1R12B
1816	PPP1R12C
1817	PPP1R13B
1818	PPP1R14A
1819	PPP1R14B
1820	PPP1R14C
1821	PPP1R15A
1822	PPP1R1B
1823	PPP1R2
1824	PPP1R8
1825	PPP1R9B
1826	PPP2CA
1827	PPP2R1A
1828	PPP2R4
1829	PPP2R5A
1830	PPP2R5D
1831	PPRC1
1832	PRAME
1833	PRC1
1834	PRDM1
1835	PRDM14
1836	PRDM2
1837	PRDX1
1838	PRDX3
1839	PRDX5
1840	PRDX6
1841	PRF1
1842	PRKAA1
1843	PRKAA2
1844	PRKAB1
1845	PRKACA
1846	PRKAR1A
1847	PRKAR2B
1848	PRKCA
1849	PRKCB
1850	PRKCD
1851	PRKCE
1852	PRKCG
1853	PRKCH
1854	PRKCI
1855	PRKCQ
1856	PRKCZ
1857	PRKD1
1858	PRKD2
1859	PRKD3
1860	PRKDC
1861	PRKG1
1862	PRKG2
1863	PRKN
1864	PRKX
1865	PRL
1866	PRMT5
1867	PROC
1868	PRODH
1869	PROX1
1870	PRPF3
1871	PRPF4B
1872	PRSS35
1873	PRSS50
1874	PSD4
1875	PSEN1
1876	PSIP1
1877	PSMA7
1878	PSMB9
1879	PSMD8
1880	PSMG1
1881	PSTPIP1
1882	PTAFR
1883	PTCH1
1884	PTEN
1885	PTGDS
1886	PTGES
1887	PTGES3
1888	PTGIR
1889	PTGS2
1890	PTHLH
1891	PTK2
1892	PTK2B
1893	PTK6
1894	PTMA
1895	PTN
1896	PTP4A1
1897	PTPN1
1898	PTPN11
1899	PTPN12
1900	PTPN13
1901	PTPN22
1902	PTPN6
1903	PTPN7
1904	PTPRA
1905	PTPRC
1906	PTPRF
1907	PTPRO
1908	PTPRR
1909	PTRH2
1910	PTS
1911	PTTG1
1912	PURA
1913	PWP2
1914	PXN
1915	PYDC3
1916	PYHIN1
1917	Q504N7
1918	Q6LED0
1919	RAB11FIP2
1920	RAB27A
1921	RAB3GAP1
1922	RAC1
1923	RACGAP1
1924	RACK1
1925	RAD17
1926	RAD50
1927	RAD51
1928	RAD52
1929	RAD9A
1930	RAF1
1931	RAN
1932	RANBP10
1933	RANBP9
1934	RANGAP1
1935	RAP1A
1936	RAP1B
1937	RAPGEF1
1938	RAPGEF2
1939	RARA
1940	RARB
1941	RARG
1942	RARRES1
1943	RASA1
1944	RASGEF1B
1945	RASGRF1
1946	RASGRP1
1947	RASGRP3
1948	RASSF1
1949	RAVER1
1950	RB1
1951	RBBP4
1952	RBBP8
1953	RBL1
1954	RBL2
1955	RBM38
1956	RBM39
1957	RBM8A
1958	RBMS3
1959	RBPJ
1960	RBSN
1961	RCAN1
1962	RCC1
1963	RCHY1
1964	RDX
1965	REL
1966	RELA
1967	RELB
1968	REN
1969	REST
1970	RET
1971	RETN
1972	RFC2
1973	RFWD2
1974	RFX1
1975	RFX5
1976	RGR
1977	RGS10
1978	RGS16
1979	RGS19
1980	RGS2
1981	RHEB
1982	RHOA
1983	RHOB
1984	RHOT1
1985	RICTOR
1986	RIN1
1987	RIPK1
1988	RIPK2
1989	RLC-A
1990	RNASE2
1991	RND3
1992	RNF11
1993	RNF20
1994	RNF26
1995	RNF40
1996	RNF7
1997	RNLS
1998	ROCK1
1999	ROCK2
2000	RORA
2001	RORC
2002	RPA2
2003	RPL10
2004	RPL13
2005	RPL19
2006	RPL22
2007	RPL23
2008	RPL26
2009	RPL27
2010	RPL3
2011	RPL32
2012	RPL39L
2013	RPL6
2014	RPLP2
2015	RPP30
2016	RPRD2
2017	RPRM
2018	RPS15A
2019	RPS16
2020	RPS19
2021	RPS20
2022	RPS24
2023	RPS3
2024	RPS6
2025	RPS6KA1
2026	RPS6KA2
2027	RPS6KA3
2028	RPS6KA4
2029	RPS6KA5
2030	RPS6KB1
2031	RPS6KB2
2032	RPTOR
2033	RRAS
2034	RREB1
2035	RRM1
2036	RRM2
2037	RRM2B
2038	RRN3
2039	RRP1B
2040	RTN3
2041	RUNX1
2042	RUNX1T1
2043	RUNX2
2044	RUNX3
2045	RXRA
2046	RYR2
2047	S100A10
2048	S100A11
2049	S100A4
2050	S100A6
2051	S100A9
2052	S100B
2053	S100Z
2054	S1PR1
2055	SAA1
2056	SAA2
2057	SALL4
2058	SAMD4A
2059	SAMHD1
2060	SAT1
2061	SAV1
2062	SBNO2
2063	SCAMP3
2064	SCAP
2065	SCARB1
2066	SCD
2067	SCD5
2068	SCN5A
2069	SDC2
2070	SDC4
2071	SEL1L
2072	SELE
2073	SELP
2074	SERBP1
2075	SERF2
2076	SERPINA3
2077	SERPINB1
2078	SERPINB5
2079	SERPINC1
2080	SERPINE1
2081	SERPINF1
2082	SERTAD1
2083	SF1
2084	SF3B1
2085	SFN
2086	SFPQ
2087	SFRP1
2088	SFTPB
2089	SFTPD
2090	SGK1
2091	SGK2
2092	SGK3
2093	SGO1
2094	SGOL1
2095	SH2B1
2096	SH2B2
2097	SH2B3
2098	SH3BP2
2099	SH3BP5
2100	SH3GL1
2101	SH3GL2
2102	SH3GLB1
2103	SH3RF1
2104	SHB
2105	SHBG
2106	SHC1
2107	SHC2
2108	SHC3
2109	SHOX
2110	SIAH1
2111	SIAH1A
2112	SIAH2
2113	SIGIRR
2114	SIGLEC10
2115	SIK1
2116	SIK2
2117	SIK3
2118	SIRPA
2119	SIRT1
2120	SIRT2
2121	SIVA1
2122	SKAP1
2123	SKI
2124	SKP2
2125	SLAMF1
2126	SLC10A1
2127	SLC12A2
2128	SLC12A3
2129	SLC12A6
2130	SLC15A1
2131	SLC19A1
2132	SLC19A3
2133	SLC20A1
2134	SLC22A10
2135	SLC22A2
2136	SLC22A9
2137	SLC25A27
2138	SLC25A3
2139	SLC26A3
2140	SLC26A4
2141	SLC2A1
2142	SLC2A13
2143	SLC2A2
2144	SLC2A4
2145	SLC34A2
2146	SLC4A1
2147	SLC4A2
2148	SLC4A3
2149	SLC5A5
2150	SLC6A4
2151	SLC6A6
2152	SLC9A1
2153	SLC9A3
2154	SLC9A3R1
2155	SLIT2
2156	SLX4
2157	SMAD1
2158	SMAD2
2159	SMAD3
2160	SMAD4
2161	SMAD5
2162	SMAD7
2163	SMARCC2
2164	SMC1A
2165	SMC3
2166	SMG1
2167	SMN1
2168	SMPD1
2169	SMS
2170	SMUG1
2171	SNAI1
2172	SNAI2
2173	SNAP25
2174	SNAPIN
2175	SNCA
2176	SNCAIP
2177	SNCB
2178	SND1
2179	SNRK
2180	SNRNP27
2181	SNRPB
2182	SNRPD3
2183	SNTA1
2184	SNX27
2185	SNX9
2186	SOCS1
2187	SOCS3
2188	SOD1
2189	SOD2
2190	SORBS2
2191	SORBS3
2192	SOX10
2193	SOX2
2194	SOX4
2195	SOX6
2196	SOX9
2197	SP1
2198	SP100
2199	SP2
2200	SP3
2201	SP4
2202	SP5
2203	SPAG5
2204	SPHK1
2205	SPHK2
2206	SPI1
2207	SPIB
2208	SPN
2209	SPNS1
2210	SPP1
2211	SPRED2
2212	SPRR1B
2213	SPRR2A
2214	SPRY2
2215	SPTAN1
2216	SPTBN1
2217	SPTLC1
2218	SQLE
2219	SQSTM1
2220	SRC
2221	SREBF1
2222	SREBF2
2223	SRF
2224	SRM
2225	SRP68
2226	SRPK1
2227	SRPK2
2228	SRPX
2229	SRR
2230	SRSF1
2231	SRY
2232	SSB
2233	SSH1
2234	SSRP1
2235	SSTR2
2236	ST3GAL1
2237	STAB2
2238	STAM
2239	STAP2
2240	STAR
2241	STARD10
2242	STARD3
2243	STARD4
2244	STAT1
2245	STAT2
2246	STAT3
2247	STAT4
2248	STAT5A
2249	STAT5B
2250	STAT6
2251	STIM1
2252	STK10
2253	STK11
2254	STK17A
2255	STK24
2256	STK26
2257	STK3
2258	STK38L
2259	STK39
2260	STK4
2261	STMN1
2262	STMN2
2263	STRADA
2264	STX1A
2265	STXBP1
2266	STXBP2
2267	SUFU
2268	SULT1E1
2269	SULT4A1
2270	SUMO1
2271	SUPT5H
2272	SYK
2273	SYN1
2274	SYN3
2275	SYNCRIP
2276	SYNGAP1
2277	SYNJ1
2278	T
2279	TAB1
2280	TAB2
2281	TAC3
2282	TACC1
2283	TACC2
2284	TACC3
2285	TAF1
2286	TAF7
2287	TAGLN
2288	TAL1
2289	TAOK1
2290	TAOK2
2291	TAOK3
2292	TAP1
2293	TAX1BP1
2294	TBC1D1
2295	TBC1D4
2296	TBCB
2297	TBK1
2298	TBX2
2299	TBX21
2300	TBX5
2301	TBXA2R
2302	TBXAS1
2303	TCF3
2304	TCF4
2305	TCF7
2306	TCF7L2
2307	TCFL5
2308	TDGF1
2309	TDP1
2310	TEC
2311	TEK
2312	TELO2
2313	TERF1
2314	TERT
2315	TESK1
2316	TESK2
2317	TF
2318	TFAM
2319	TFAP2A
2320	TFAP2B
2321	TFAP2C
2322	TFAP4
2323	TFCP2
2324	TFDP1
2325	TFF1
2326	TFF3
2327	TFPI2
2328	TFRC
2329	TG
2330	TGFA
2331	TGFB1
2332	TGFB1I1
2333	TGFB2
2334	TGFB3
2335	TGFBR1
2336	TGFBR2
2337	TGFBR3
2338	TGM2
2339	TH
2340	THBD
2341	THBS1
2342	THOC5
2343	THRAP3
2344	THRB
2345	TIAM1
2346	TICAM2
2347	TIMP1
2348	TIMP3
2349	TIRAP
2350	TK1
2351	TLE1
2352	TLK1
2353	TLN1
2354	TLR2
2355	TLR3
2356	TLR4
2357	TLR5
2358	TMBIM6
2359	TMEM47
2360	TMPO
2361	TMPRSS2
2362	TNC
2363	TNF
2364	TNFAIP1
2365	TNFAIP3
2366	TNFAIP6
2367	TNFAIP8L1
2368	TNFRSF10A
2369	TNFRSF10B
2370	TNFRSF11B
2371	TNFRSF18
2372	TNFSF10
2373	TNFSF11
2374	TNFSF14
2375	TNIK
2376	TNIP1
2377	TNIP2
2378	TNK2
2379	TNNI3
2380	TNNT2
2381	TNS2
2382	TNS3
2383	TOB1
2384	TOP1
2385	TOP2A
2386	TOP3A
2387	TOPBP1
2388	TOPORS
2389	TP53
2390	TP53BP1
2391	TP53BP2
2392	TP53I3
2393	TP53RK
2394	TP53TG5
2395	TP63
2396	TP73
2397	TPH2
2398	TPR
2399	TPT1
2400	TPX2
2401	TRADD
2402	TRAF1
2403	TRAF2
2404	TRAF4
2405	TRAF6
2406	TRAP1
2407	TRAPPC6A
2408	TRIB3
2409	TRIM22
2410	TRIM24
2411	TRIM33
2412	TRIOBP
2413	TRIP6
2414	TRO
2415	TRPC3
2416	TRPC6
2417	TRPM1
2418	TRPM2
2419	TRPM4
2420	TRPM6
2421	TRPM7
2422	TRPM8
2423	TRPS1
2424	TRPV1
2425	TRPV4
2426	TRPV5
2427	TRRAP
2428	TSC1
2429	TSC2
2430	TSC22D3
2431	TSFM
2432	TSHR
2433	TSPAN16
2434	TSSK4
2435	TTBK1
2436	TTC17
2437	TTC3
2438	TTI1
2439	TTK
2440	TUBA1A
2441	TUBA1B
2442	TUBA4A
2443	TUBB3
2444	TUBG1
2445	TWIST1
2446	TWIST2
2447	TXK
2448	TXNIP
2449	TYK2
2450	TYMS
2451	TYR
2452	TYRO3
2453	TYRP1
2454	TYSND1
2455	UBA1
2456	UBE2A
2457	UBE2C
2458	UBE2I
2459	UBE2R2
2460	UBE2S
2461	UBR1
2462	UBTF
2463	UCP1
2464	UGCG
2465	UGDH
2466	UGT1A1
2467	UGT1A10
2468	UGT1A4
2469	UGT1A6
2470	UGT1A8
2471	UGT1A9
2472	UGT2B15
2473	UGT2B17
2474	UGT2B4
2475	UGT2B7
2476	UHMK1
2477	UHRF1
2478	UIMC1
2479	ULK1
2480	UPF1
2481	UPP1
2482	USF1
2483	USF2
2484	USP16
2485	USP28
2486	USP7
2487	UTRN
2488	UXT
2489	VAMP2
2490	VAMP4
2491	VASP
2492	VAV1
2493	VAV2
2494	VAV3
2495	VCAM1
2496	VCAN
2497	VCL
2498	VCP
2499	VDR
2500	VEGFA
2501	VHL
2502	VIL1
2503	VIM
2504	VIP
2505	VLDLR
2506	VPS33B
2507	VRK1
2508	VRK2
2509	VWA5A
2510	VWF
2511	WAS
2512	WASF1
2513	WASF2
2514	WASL
2515	WDR82
2516	WEE1
2517	WIPF1
2518	WNK1
2519	WNK4
2520	WNT2B
2521	WNT4
2522	WRN
2523	WT1
2524	WWC1
2525	WWOX
2526	WWTR1
2527	XBP1
2528	XIAP
2529	XPA
2530	XRCC1
2531	YAP1
2532	YBX1
2533	YBX3
2534	YES1
2535	YWHAB
2536	YWHAG
2537	YWHAQ
2538	YWHAZ
2539	YY1
2540	ZAK
2541	ZAP70
2542	ZBTB16
2543	ZBTB7A
2544	ZC3HAV1
2545	ZC3HC1
2546	ZDHHC16
2547	ZEB1
2548	ZEB2
2549	ZFHX3
2550	ZFP36
2551	ZFP36L1
2552	ZFYVE9
2553	ZNF148
2554	ZNF175
2555	ZNF20
2556	ZNF202
2557	ZNF217
2558	ZNF224
2559	ZNF267
2560	ZNF350
2561	ZNF367
2562	ZNF382
2563	ZNF420
2564	ZNF462
2565	ZNF613
2566	ZNF615
2567	ZNF622
2568	ZNF655
2569	ZNF692
2570	ZNF763
2571	ZNF804B
2572	ZNHIT1
2573	ZNHIT2
2574	ZYX
